filnavn,sti,aar,avsender,uid,kilde_type,kilde_fil,kilde_uri,antall_tegn,antall_ord
2019_aksjonrforeningen_e284926b-81ab-4034-b3c7-5f2970a924f1.txt,høringer/2019_aksjonrforeningen_e284926b-81ab-4034-b3c7-5f2970a924f1.txt,2019,Aksjonærforeningen,e284926b-81ab-4034-b3c7-5f2970a924f1,html,data/content/nasjonalbiblioteket-svar-horing-nou-2019-18-skattlegging-av-havbruk-manual-20260209102305-d5e71684-918-20260209102359694-1_0000001_sha256_a5d183e946e4eb353a10e53e3a3ee6dcd5d6f7dd1b02ea77212139514a2819e4.html,https://www.regjeringen.no/no/dokumenter/horing--nou-2019-18-skattlegging-av-havbruk/id2676532/?uid=e284926b-81ab-4034-b3c7-5f2970a924f1,3838,575
2019_alsaker-fjordbruk-as_77fa2fa0-ee20-4855-b2bf-2880419f7bb2.txt,høringer/2019_alsaker-fjordbruk-as_77fa2fa0-ee20-4855-b2bf-2880419f7bb2.txt,2019,Alsaker Fjordbruk AS,77fa2fa0-ee20-4855-b2bf-2880419f7bb2,html,data/content/nasjonalbiblioteket-svar-horing-nou-2019-18-skattlegging-av-havbruk-manual-20260209102305-d5e71684-918-20260209102358003-0_0000002_sha256_34f871463eca6ed3f51aac2cc8289d2a6c90a9ca09f9d2e9870b736fdb784637.html,https://www.regjeringen.no/no/dokumenter/horing--nou-2019-18-skattlegging-av-havbruk/id2676532/?uid=77fa2fa0-ee20-4855-b2bf-2880419f7bb2,8388,1240
2019_alta-kommune-uten-merknader_c0d40b04-68e2-45dd-9019-c4923ed037ca.txt,høringer/2019_alta-kommune-uten-merknader_c0d40b04-68e2-45dd-9019-c4923ed037ca.txt,2019,Alta kommune (uten merknader),c0d40b04-68e2-45dd-9019-c4923ed037ca,html,data/content/nasjonalbiblioteket-svar-horing-nou-2019-18-skattlegging-av-havbruk-manual-20260209102305-d5e71684-918-20260209102358003-0_0000004_sha256_16d3839d6817a9ec3dd276f4967abe88f858196cf1b90355d2e0623f9f6711e1.html,https://www.regjeringen.no/no/dokumenter/horing--nou-2019-18-skattlegging-av-havbruk/id2676532/?uid=c0d40b04-68e2-45dd-9019-c4923ed037ca,624,83
2019_aure-hyre_7a48a9a8-7681-4160-8a95-ba327494317e.txt,høringer/2019_aure-hyre_7a48a9a8-7681-4160-8a95-ba327494317e.txt,2019,Aure Høyre,7a48a9a8-7681-4160-8a95-ba327494317e,html,data/content/nasjonalbiblioteket-svar-horing-nou-2019-18-skattlegging-av-havbruk-manual-20260209102305-d5e71684-918-20260209102359694-1_0000003_sha256_d7bf304bd8dd8013e4375e77b1a8f7fde4c25c6f3f127de2cf55f707ef7e9f50.html,https://www.regjeringen.no/no/dokumenter/horing--nou-2019-18-skattlegging-av-havbruk/id2676532/?uid=7a48a9a8-7681-4160-8a95-ba327494317e,4938,732
2019_beiarn-kommune_33b5d405-f979-469d-8053-2e44b31bcdcc.txt,høringer/2019_beiarn-kommune_33b5d405-f979-469d-8053-2e44b31bcdcc.txt,2019,Beiarn kommune,33b5d405-f979-469d-8053-2e44b31bcdcc,html,data/content/nasjonalbiblioteket-svar-horing-nou-2019-18-skattlegging-av-havbruk-manual-20260209102305-d5e71684-918-20260209102359694-1_0000004_sha256_dafe9789decfdf2702e50326b8604cc933cd92b93865100629e7522dcd758692.html,https://www.regjeringen.no/no/dokumenter/horing--nou-2019-18-skattlegging-av-havbruk/id2676532/?uid=33b5d405-f979-469d-8053-2e44b31bcdcc,2267,317
2019_bindal-kommune_fd65f1a5-a33b-4fba-a98f-240e4d7eecc4.txt,høringer/2019_bindal-kommune_fd65f1a5-a33b-4fba-a98f-240e4d7eecc4.txt,2019,Bindal kommune,fd65f1a5-a33b-4fba-a98f-240e4d7eecc4,html,data/content/nasjonalbiblioteket-svar-horing-nou-2019-18-skattlegging-av-havbruk-manual-20260209102305-d5e71684-918-20260209102358003-0_0000007_sha256_5573b7de81149e2e99615c08f60c6f48079d3331c519ffe8372ba6369be72c60.html,https://www.regjeringen.no/no/dokumenter/horing--nou-2019-18-skattlegging-av-havbruk/id2676532/?uid=fd65f1a5-a33b-4fba-a98f-240e4d7eecc4,146,22
2019_blue-planet-as-og-stiim-aqua-cluster_f3b44d15-c7ae-4eca-862e-442bce224a73.txt,høringer/2019_blue-planet-as-og-stiim-aqua-cluster_f3b44d15-c7ae-4eca-862e-442bce224a73.txt,2019,Blue Planet AS og Stiim Aqua Cluster,f3b44d15-c7ae-4eca-862e-442bce224a73,html,data/content/nasjonalbiblioteket-svar-horing-nou-2019-18-skattlegging-av-havbruk-manual-20260209102305-d5e71684-918-20260209102359694-1_0000005_sha256_14fbf994b72418264676605a65bb6ee0c83cd05c0de167f246ee8240305dcdf8.html,https://www.regjeringen.no/no/dokumenter/horing--nou-2019-18-skattlegging-av-havbruk/id2676532/?uid=f3b44d15-c7ae-4eca-862e-442bce224a73,6501,942
2019_bod-kommune_88c5702d-7e01-41af-af0c-f467d3ab8357.txt,høringer/2019_bod-kommune_88c5702d-7e01-41af-af0c-f467d3ab8357.txt,2019,Bodø kommune,88c5702d-7e01-41af-af0c-f467d3ab8357,html,data/content/nasjonalbiblioteket-svar-horing-nou-2019-18-skattlegging-av-havbruk-manual-20260209102305-d5e71684-918-20260209102358003-0_0000008_sha256_6a4c901ac36d9a01d0467a9104596174f70f038f03746a20bd8925bc556ebb98.html,https://www.regjeringen.no/no/dokumenter/horing--nou-2019-18-skattlegging-av-havbruk/id2676532/?uid=88c5702d-7e01-41af-af0c-f467d3ab8357,2813,440
2019_dnna-kommune_fb316638-3635-42cc-b0c3-1d5ef654c558.txt,høringer/2019_dnna-kommune_fb316638-3635-42cc-b0c3-1d5ef654c558.txt,2019,Dønna kommune,fb316638-3635-42cc-b0c3-1d5ef654c558,html,data/content/nasjonalbiblioteket-svar-horing-nou-2019-18-skattlegging-av-havbruk-manual-20260209102305-d5e71684-918-20260209102359694-1_0000009_sha256_b0c629cab1a01495957a35546e3557d03e2abfaaa7eba5088ba38bdd4e3d7af8.html,https://www.regjeringen.no/no/dokumenter/horing--nou-2019-18-skattlegging-av-havbruk/id2676532/?uid=fb316638-3635-42cc-b0c3-1d5ef654c558,1352,204
2019_fauske-kommune_8fa001a2-8a23-4bb0-983d-83c792826013.txt,høringer/2019_fauske-kommune_8fa001a2-8a23-4bb0-983d-83c792826013.txt,2019,Fauske kommune,8fa001a2-8a23-4bb0-983d-83c792826013,html,data/content/nasjonalbiblioteket-svar-horing-nou-2019-18-skattlegging-av-havbruk-manual-20260209102305-d5e71684-918-20260209102359694-1_0000010_sha256_2d8d90a68a12796e782b9762577a6a94ada35069b3427904d4d9ac8bfd4aecc3.html,https://www.regjeringen.no/no/dokumenter/horing--nou-2019-18-skattlegging-av-havbruk/id2676532/?uid=8fa001a2-8a23-4bb0-983d-83c792826013,2425,339
2019_fiskebat_4d3adc70-9688-4667-b4e9-512aa0d28918.txt,høringer/2019_fiskebat_4d3adc70-9688-4667-b4e9-512aa0d28918.txt,2019,Fiskebåt,4d3adc70-9688-4667-b4e9-512aa0d28918,html,data/content/nasjonalbiblioteket-svar-horing-nou-2019-18-skattlegging-av-havbruk-manual-20260209102305-d5e71684-918-20260209102358003-0_0000015_sha256_d43c4c7b5d6f3f4af3eec1ecc02c0e804e92f8931b05c16534adfc60f7b5130a.html,https://www.regjeringen.no/no/dokumenter/horing--nou-2019-18-skattlegging-av-havbruk/id2676532/?uid=4d3adc70-9688-4667-b4e9-512aa0d28918,3636,534
2019_flatanger-kommune_85075286-1a8a-43cf-8cf3-47a98257930c.txt,høringer/2019_flatanger-kommune_85075286-1a8a-43cf-8cf3-47a98257930c.txt,2019,Flatanger kommune,85075286-1a8a-43cf-8cf3-47a98257930c,html,data/content/nasjonalbiblioteket-svar-horing-nou-2019-18-skattlegging-av-havbruk-manual-20260209102305-d5e71684-918-20260209102358003-0_0000022_sha256_7a34a0e50c384022c8b56a5a72ff5a379f39ffc71f6cb421dc9a94a552c2a23c.html,https://www.regjeringen.no/no/dokumenter/horing--nou-2019-18-skattlegging-av-havbruk/id2676532/?uid=85075286-1a8a-43cf-8cf3-47a98257930c,453,71
2019_frya-kommune_b0073bd7-6688-4bc2-9223-5b955b5c0f6d.txt,høringer/2019_frya-kommune_b0073bd7-6688-4bc2-9223-5b955b5c0f6d.txt,2019,Frøya kommune,b0073bd7-6688-4bc2-9223-5b955b5c0f6d,html,data/content/nasjonalbiblioteket-svar-horing-nou-2019-18-skattlegging-av-havbruk-manual-20260209102305-d5e71684-918-20260209102359694-1_0000011_sha256_4415a3b7aead41dd68bc2865fb0323f1c19ffbd8553c771ee16f248ebb56c810.html,https://www.regjeringen.no/no/dokumenter/horing--nou-2019-18-skattlegging-av-havbruk/id2676532/?uid=b0073bd7-6688-4bc2-9223-5b955b5c0f6d,6179,946
2019_grieg-seafood-asa_930b0ebc-f8a4-4ff1-859a-9ed1cebfcb69.txt,høringer/2019_grieg-seafood-asa_930b0ebc-f8a4-4ff1-859a-9ed1cebfcb69.txt,2019,Grieg Seafood ASA,930b0ebc-f8a4-4ff1-859a-9ed1cebfcb69,html,data/content/nasjonalbiblioteket-svar-horing-nou-2019-18-skattlegging-av-havbruk-manual-20260209102305-d5e71684-918-20260209102358003-0_0000025_sha256_480ee23aec5ba45e2f4451eb5a6cfae30c8982ea19cba2668d8892d35c2a6e75.html,https://www.regjeringen.no/no/dokumenter/horing--nou-2019-18-skattlegging-av-havbruk/id2676532/?uid=930b0ebc-f8a4-4ff1-859a-9ed1cebfcb69,5445,862
2019_gulen-kommune_9005e38e-4fd7-4714-a3a3-56e2f136a54e.txt,høringer/2019_gulen-kommune_9005e38e-4fd7-4714-a3a3-56e2f136a54e.txt,2019,Gulen kommune,9005e38e-4fd7-4714-a3a3-56e2f136a54e,html,data/content/nasjonalbiblioteket-svar-horing-nou-2019-18-skattlegging-av-havbruk-manual-20260209102305-d5e71684-918-20260209102359694-1_0000013_sha256_ae70f8cb1db66368b77243e093bf8a0b88487e18775c8c5cd1ea08bfcb834e55.html,https://www.regjeringen.no/no/dokumenter/horing--nou-2019-18-skattlegging-av-havbruk/id2676532/?uid=9005e38e-4fd7-4714-a3a3-56e2f136a54e,1119,170
2019_hadsel-kommune_77cc3b6e-647f-4547-a901-d485b3efe89c.txt,høringer/2019_hadsel-kommune_77cc3b6e-647f-4547-a901-d485b3efe89c.txt,2019,Hadsel kommune,77cc3b6e-647f-4547-a901-d485b3efe89c,html,data/content/nasjonalbiblioteket-svar-horing-nou-2019-18-skattlegging-av-havbruk-manual-20260209102305-d5e71684-918-20260209102358003-0_0000024_sha256_a908e9e7f7b582baad361d2337e1fad5e7e3771866604397a3bbb368766a6a83.html,https://www.regjeringen.no/no/dokumenter/horing--nou-2019-18-skattlegging-av-havbruk/id2676532/?uid=77cc3b6e-647f-4547-a901-d485b3efe89c,4119,615
2019_hafs-regionrad_6e3e1e85-6a5d-4168-92fc-bb0e1f0d33ab.txt,høringer/2019_hafs-regionrad_6e3e1e85-6a5d-4168-92fc-bb0e1f0d33ab.txt,2019,HAFS Regionråd,6e3e1e85-6a5d-4168-92fc-bb0e1f0d33ab,html,data/content/nasjonalbiblioteket-svar-horing-nou-2019-18-skattlegging-av-havbruk-manual-20260209102305-d5e71684-918-20260209102359694-1_0000012_sha256_5fb2b92add141e618b5db3d6026ccebc35febae51e70f9acb173e53e9648c891.html,https://www.regjeringen.no/no/dokumenter/horing--nou-2019-18-skattlegging-av-havbruk/id2676532/?uid=6e3e1e85-6a5d-4168-92fc-bb0e1f0d33ab,1922,265
2019_hammerfest-kommune_5c3f936f-761d-4875-8b49-2af9db50fe8d.txt,høringer/2019_hammerfest-kommune_5c3f936f-761d-4875-8b49-2af9db50fe8d.txt,2019,Hammerfest kommune,5c3f936f-761d-4875-8b49-2af9db50fe8d,html,data/content/nasjonalbiblioteket-svar-horing-nou-2019-18-skattlegging-av-havbruk-manual-20260209102305-d5e71684-918-20260209102358003-0_0000023_sha256_9fe3e5739025ae8095764e78142526282760d94a000937f1243f01e689a0a7ae.html,https://www.regjeringen.no/no/dokumenter/horing--nou-2019-18-skattlegging-av-havbruk/id2676532/?uid=5c3f936f-761d-4875-8b49-2af9db50fe8d,2417,348
2019_hitra-kommune_84e85fa4-89bf-4eb3-93e4-16eb7a1d3192.txt,høringer/2019_hitra-kommune_84e85fa4-89bf-4eb3-93e4-16eb7a1d3192.txt,2019,Hitra kommune,84e85fa4-89bf-4eb3-93e4-16eb7a1d3192,html,data/content/nasjonalbiblioteket-svar-horing-nou-2019-18-skattlegging-av-havbruk-manual-20260209102305-d5e71684-918-20260209102358003-0_0000027_sha256_51aad2435e830ed7f4dbd580daee080bfcf872170d76eecd8a13b807648ad1eb.html,https://www.regjeringen.no/no/dokumenter/horing--nou-2019-18-skattlegging-av-havbruk/id2676532/?uid=84e85fa4-89bf-4eb3-93e4-16eb7a1d3192,470,67
2019_hjelmeland-kommune_27888aeb-f354-4325-8dfc-fc6a872f0ae2.txt,høringer/2019_hjelmeland-kommune_27888aeb-f354-4325-8dfc-fc6a872f0ae2.txt,2019,Hjelmeland kommune,27888aeb-f354-4325-8dfc-fc6a872f0ae2,html,data/content/nasjonalbiblioteket-svar-horing-nou-2019-18-skattlegging-av-havbruk-manual-20260209102305-d5e71684-918-20260209102358003-0_0000026_sha256_fab5e211bdbe490eeab552736d3accd8e25aa4b1d99de04f01cb73e3d2e0194e.html,https://www.regjeringen.no/no/dokumenter/horing--nou-2019-18-skattlegging-av-havbruk/id2676532/?uid=27888aeb-f354-4325-8dfc-fc6a872f0ae2,720,104
2019_interkommunalt-politisk-rad-namdal-namdal-regionrad_80b83e73-4631-45ae-ac65-e003177b524f.txt,høringer/2019_interkommunalt-politisk-rad-namdal-namdal-regionrad_80b83e73-4631-45ae-ac65-e003177b524f.txt,2019,Interkommunalt politisk råd Namdal (Namdal regionråd),80b83e73-4631-45ae-ac65-e003177b524f,html,data/content/nasjonalbiblioteket-svar-horing-nou-2019-18-skattlegging-av-havbruk-manual-20260209102305-d5e71684-918-20260209102359694-1_0000016_sha256_25b86d23d6fc316b6b1f030d8cd3b3848b560c2d74fb60acd7368b77024bbced.html,https://www.regjeringen.no/no/dokumenter/horing--nou-2019-18-skattlegging-av-havbruk/id2676532/?uid=80b83e73-4631-45ae-ac65-e003177b524f,1800,246
2019_justis-og-beredskapsdepartementet-uten-merknader_0ff809b9-bb42-4f79-a6fc-d1e177d46949.txt,høringer/2019_justis-og-beredskapsdepartementet-uten-merknader_0ff809b9-bb42-4f79-a6fc-d1e177d46949.txt,2019,Justis- og beredskapsdepartementet (uten merknader),0ff809b9-bb42-4f79-a6fc-d1e177d46949,html,data/content/nasjonalbiblioteket-svar-horing-nou-2019-18-skattlegging-av-havbruk-manual-20260209102305-d5e71684-918-20260209102359694-1_0000021_sha256_6b0729751044d0107f141836a09fa4ca6a89be2fe6a2e15cbca26a6f6da7719d.html,https://www.regjeringen.no/no/dokumenter/horing--nou-2019-18-skattlegging-av-havbruk/id2676532/?uid=0ff809b9-bb42-4f79-a6fc-d1e177d46949,68,9
2019_ks_d4beab37-98e9-4db3-a915-82bda0a90a3a.txt,høringer/2019_ks_d4beab37-98e9-4db3-a915-82bda0a90a3a.txt,2019,KS,d4beab37-98e9-4db3-a915-82bda0a90a3a,html,data/content/nasjonalbiblioteket-svar-horing-nou-2019-18-skattlegging-av-havbruk-manual-20260209102305-d5e71684-918-20260209102359694-1_0000022_sha256_496ddd0a8ac0ae79976d853525ac845510cd8c91ede7a9d832b72b504d4619a6.html,https://www.regjeringen.no/no/dokumenter/horing--nou-2019-18-skattlegging-av-havbruk/id2676532/?uid=d4beab37-98e9-4db3-a915-82bda0a90a3a,11565,1692
2019_kvam-herad_3628aa96-54c3-4a6e-89fa-be9546b6480f.txt,høringer/2019_kvam-herad_3628aa96-54c3-4a6e-89fa-be9546b6480f.txt,2019,Kvam herad,3628aa96-54c3-4a6e-89fa-be9546b6480f,html,data/content/nasjonalbiblioteket-svar-horing-nou-2019-18-skattlegging-av-havbruk-manual-20260209102305-d5e71684-918-20260209102358003-0_0000028_sha256_0789b6842403ff1202fe7d7d0ff8277dcd0f86f014a88ecb7e37b9063e1af0ce.html,https://www.regjeringen.no/no/dokumenter/horing--nou-2019-18-skattlegging-av-havbruk/id2676532/?uid=3628aa96-54c3-4a6e-89fa-be9546b6480f,2736,414
2019_kvinnherad-kommune-uten-merknader_40b10be1-df3a-4813-9e51-ef564318fb15.txt,høringer/2019_kvinnherad-kommune-uten-merknader_40b10be1-df3a-4813-9e51-ef564318fb15.txt,2019,Kvinnherad kommune (uten merknader),40b10be1-df3a-4813-9e51-ef564318fb15,html,data/content/nasjonalbiblioteket-svar-horing-nou-2019-18-skattlegging-av-havbruk-manual-20260209102305-d5e71684-918-20260209102358003-0_0000030_sha256_eb4a0b53a783fa4774d5eca17f615bd59c1f4f93f9632d939ca9821631239807.html,https://www.regjeringen.no/no/dokumenter/horing--nou-2019-18-skattlegging-av-havbruk/id2676532/?uid=40b10be1-df3a-4813-9e51-ef564318fb15,1508,221
2019_lebesby-kommune-uten-merknader_c6a42dcf-79d5-4319-8547-e2a7ff0abe9d.txt,høringer/2019_lebesby-kommune-uten-merknader_c6a42dcf-79d5-4319-8547-e2a7ff0abe9d.txt,2019,Lebesby kommune (uten merknader),c6a42dcf-79d5-4319-8547-e2a7ff0abe9d,html,data/content/nasjonalbiblioteket-svar-horing-nou-2019-18-skattlegging-av-havbruk-manual-20260209102305-d5e71684-918-20260209102359694-1_0000024_sha256_e244f3d7451512c0fba9edd4713cc463af74254d99f6c95a00b060f99c067956.html,https://www.regjeringen.no/no/dokumenter/horing--nou-2019-18-skattlegging-av-havbruk/id2676532/?uid=c6a42dcf-79d5-4319-8547-e2a7ff0abe9d,765,110
2019_lo-i-trondheim_4213ef6d-90fc-495b-9e6c-a06c2d893531.txt,høringer/2019_lo-i-trondheim_4213ef6d-90fc-495b-9e6c-a06c2d893531.txt,2019,LO i Trondheim,4213ef6d-90fc-495b-9e6c-a06c2d893531,html,data/content/nasjonalbiblioteket-svar-horing-nou-2019-18-skattlegging-av-havbruk-manual-20260209102305-d5e71684-918-20260209102359694-1_0000026_sha256_e5a8aa98a6a739d0127244661afc45cfff1b8b170ff4d759024c3c59a58780d2.html,https://www.regjeringen.no/no/dokumenter/horing--nou-2019-18-skattlegging-av-havbruk/id2676532/?uid=4213ef6d-90fc-495b-9e6c-a06c2d893531,3568,499
2019_lofotradet_d53ff2da-2dda-40a9-9311-8a1e6223fb5d.txt,høringer/2019_lofotradet_d53ff2da-2dda-40a9-9311-8a1e6223fb5d.txt,2019,Lofotrådet,d53ff2da-2dda-40a9-9311-8a1e6223fb5d,html,data/content/nasjonalbiblioteket-svar-horing-nou-2019-18-skattlegging-av-havbruk-manual-20260209102305-d5e71684-918-20260209102359694-1_0000027_sha256_cba0b596a3c4a1194abf0ea7e4b6611f5c64abf556284b27e360ac269fa0c11c.html,https://www.regjeringen.no/no/dokumenter/horing--nou-2019-18-skattlegging-av-havbruk/id2676532/?uid=d53ff2da-2dda-40a9-9311-8a1e6223fb5d,3786,539
2019_lury-kommune-formannskapet_3e4d8b3b-81f1-4a45-9d51-36bc4e3b8ab5.txt,høringer/2019_lury-kommune-formannskapet_3e4d8b3b-81f1-4a45-9d51-36bc4e3b8ab5.txt,2019,"Lurøy kommune, formannskapet",3e4d8b3b-81f1-4a45-9d51-36bc4e3b8ab5,html,data/content/nasjonalbiblioteket-svar-horing-nou-2019-18-skattlegging-av-havbruk-manual-20260209102305-d5e71684-918-20260209102358003-0_0000033_sha256_ed330b29c2edfda519718e806cc0cd772eb936802dbe8c436aca7b75532f5189.html,https://www.regjeringen.no/no/dokumenter/horing--nou-2019-18-skattlegging-av-havbruk/id2676532/?uid=3e4d8b3b-81f1-4a45-9d51-36bc4e3b8ab5,1102,150
2019_mdg-kvinnherad_ca87c8fc-d9d6-42bf-8999-74c06f92c433.txt,høringer/2019_mdg-kvinnherad_ca87c8fc-d9d6-42bf-8999-74c06f92c433.txt,2019,MDG Kvinnherad,ca87c8fc-d9d6-42bf-8999-74c06f92c433,html,data/content/nasjonalbiblioteket-svar-horing-nou-2019-18-skattlegging-av-havbruk-manual-20260209102305-d5e71684-918-20260209102358003-0_0000034_sha256_9ea7ae325b37482f4cc793fd208683fee8b6e9e62fc4c9ae4a4171db214e9436.html,https://www.regjeringen.no/no/dokumenter/horing--nou-2019-18-skattlegging-av-havbruk/id2676532/?uid=ca87c8fc-d9d6-42bf-8999-74c06f92c433,782,116
2019_mely-kommune_ee6416d7-4e94-4c89-abef-38bd50ee02d4.txt,høringer/2019_mely-kommune_ee6416d7-4e94-4c89-abef-38bd50ee02d4.txt,2019,Meløy kommune,ee6416d7-4e94-4c89-abef-38bd50ee02d4,html,data/content/nasjonalbiblioteket-svar-horing-nou-2019-18-skattlegging-av-havbruk-manual-20260209102305-d5e71684-918-20260209102358003-0_0000035_sha256_c6db2db209ad999a5fb201c26ab822fa50c0adad8f63c62b1d062534394f0826.html,https://www.regjeringen.no/no/dokumenter/horing--nou-2019-18-skattlegging-av-havbruk/id2676532/?uid=ee6416d7-4e94-4c89-abef-38bd50ee02d4,3337,471
2019_mre-og-romsdal-fylkeskommune_52f91e7f-64b4-4186-90c8-a30bf3e7cbaf.txt,høringer/2019_mre-og-romsdal-fylkeskommune_52f91e7f-64b4-4186-90c8-a30bf3e7cbaf.txt,2019,Møre og Romsdal fylkeskommune,52f91e7f-64b4-4186-90c8-a30bf3e7cbaf,html,data/content/nasjonalbiblioteket-svar-horing-nou-2019-18-skattlegging-av-havbruk-manual-20260209102305-d5e71684-918-20260209102359694-1_0000030_sha256_89c6900c59cf241bd6a1128af4db77859660a567a8c74069d50076f52efb0741.html,https://www.regjeringen.no/no/dokumenter/horing--nou-2019-18-skattlegging-av-havbruk/id2676532/?uid=52f91e7f-64b4-4186-90c8-a30bf3e7cbaf,1069,157
2019_nord-universitet_b36ca29f-911e-41e8-beab-655580c9d515.txt,høringer/2019_nord-universitet_b36ca29f-911e-41e8-beab-655580c9d515.txt,2019,Nord universitet,b36ca29f-911e-41e8-beab-655580c9d515,html,data/content/nasjonalbiblioteket-svar-horing-nou-2019-18-skattlegging-av-havbruk-manual-20260209102305-d5e71684-918-20260209102359694-1_0000034_sha256_3895c5e23baba39f9d93d851671ace87a455e7837c2fd4d61b72d8761b66bb83.html,https://www.regjeringen.no/no/dokumenter/horing--nou-2019-18-skattlegging-av-havbruk/id2676532/?uid=b36ca29f-911e-41e8-beab-655580c9d515,2363,331
2019_nordlaks_488939b6-ac03-4b64-bb7c-10e3ea5248dc.txt,høringer/2019_nordlaks_488939b6-ac03-4b64-bb7c-10e3ea5248dc.txt,2019,Nordlaks,488939b6-ac03-4b64-bb7c-10e3ea5248dc,html,data/content/nasjonalbiblioteket-svar-horing-nou-2019-18-skattlegging-av-havbruk-manual-20260209102305-d5e71684-918-20260209102358003-0_0000044_sha256_a852c624fd268ddea74bf3e4afe9b18ab021dec3f02f9e536ce0a27a2d94b96d.html,https://www.regjeringen.no/no/dokumenter/horing--nou-2019-18-skattlegging-av-havbruk/id2676532/?uid=488939b6-ac03-4b64-bb7c-10e3ea5248dc,8799,1293
2019_norges-fiskarlag_3fbbcae9-29f9-41b9-8d72-8cfdf7c3f9b5.txt,høringer/2019_norges-fiskarlag_3fbbcae9-29f9-41b9-8d72-8cfdf7c3f9b5.txt,2019,Norges Fiskarlag,3fbbcae9-29f9-41b9-8d72-8cfdf7c3f9b5,html,data/content/nasjonalbiblioteket-svar-horing-nou-2019-18-skattlegging-av-havbruk-manual-20260209102305-d5e71684-918-20260209102359694-1_0000035_sha256_abdb6f8e5e024d8fe433f52b86dbdf8eae0eadaeeeaf50cf38aa5ffd79e2b7f6.html,https://www.regjeringen.no/no/dokumenter/horing--nou-2019-18-skattlegging-av-havbruk/id2676532/?uid=3fbbcae9-29f9-41b9-8d72-8cfdf7c3f9b5,2247,328
2019_norges-frukt-og-grnnsakgrossisters-forbund_284b7940-5bb1-498a-b3b7-04f7b98de71d.txt,høringer/2019_norges-frukt-og-grnnsakgrossisters-forbund_284b7940-5bb1-498a-b3b7-04f7b98de71d.txt,2019,Norges Frukt- og Grønnsakgrossisters Forbund,284b7940-5bb1-498a-b3b7-04f7b98de71d,html,data/content/nasjonalbiblioteket-svar-horing-nou-2019-18-skattlegging-av-havbruk-manual-20260209102305-d5e71684-918-20260209102358003-0_0000041_sha256_b4c4d5a802aaf904b903292a726c99d71e21e87789dc29d4c0a1555967379b5c.html,https://www.regjeringen.no/no/dokumenter/horing--nou-2019-18-skattlegging-av-havbruk/id2676532/?uid=284b7940-5bb1-498a-b3b7-04f7b98de71d,1152,180
2019_norges-skogeierforbund_574ba32d-2fc0-420f-9619-08e847c6263b.txt,høringer/2019_norges-skogeierforbund_574ba32d-2fc0-420f-9619-08e847c6263b.txt,2019,Norges Skogeierforbund,574ba32d-2fc0-420f-9619-08e847c6263b,html,data/content/nasjonalbiblioteket-svar-horing-nou-2019-18-skattlegging-av-havbruk-manual-20260209102305-d5e71684-918-20260209102358003-0_0000048_sha256_112b495b996a2dbf9898f8d92200546dc70a89b3093aeb198ba01484850557de.html,https://www.regjeringen.no/no/dokumenter/horing--nou-2019-18-skattlegging-av-havbruk/id2676532/?uid=574ba32d-2fc0-420f-9619-08e847c6263b,4026,575
2019_norsk-industri_650b3ab5-0113-43c4-ad63-689b2c13a1bd.txt,høringer/2019_norsk-industri_650b3ab5-0113-43c4-ad63-689b2c13a1bd.txt,2019,Norsk Industri,650b3ab5-0113-43c4-ad63-689b2c13a1bd,html,data/content/nasjonalbiblioteket-svar-horing-nou-2019-18-skattlegging-av-havbruk-manual-20260209102305-d5e71684-918-20260209102359694-1_0000037_sha256_17e0d8d389a1502281ece601ddb851da688b2e134fa4592912c4a93a1e22fd3e.html,https://www.regjeringen.no/no/dokumenter/horing--nou-2019-18-skattlegging-av-havbruk/id2676532/?uid=650b3ab5-0113-43c4-ad63-689b2c13a1bd,14901,2249
2019_nringsfora-og-nringsforening-i-mre-og-romsdal-uten-merknader_3bbe1c58-8e3e-4b2e-a1b8-fa1e04a1ce2b.txt,høringer/2019_nringsfora-og-nringsforening-i-mre-og-romsdal-uten-merknader_3bbe1c58-8e3e-4b2e-a1b8-fa1e04a1ce2b.txt,2019,Næringsfora og Næringsforening i Møre og Romsdal (uten merknader),3bbe1c58-8e3e-4b2e-a1b8-fa1e04a1ce2b,html,data/content/nasjonalbiblioteket-svar-horing-nou-2019-18-skattlegging-av-havbruk-manual-20260209102305-d5e71684-918-20260209102359694-1_0000036_sha256_cd394360d69db9e415df88f85ec40aaef3a492a2568786e7c94d888595fa6cf3.html,https://www.regjeringen.no/no/dokumenter/horing--nou-2019-18-skattlegging-av-havbruk/id2676532/?uid=3bbe1c58-8e3e-4b2e-a1b8-fa1e04a1ce2b,3727,518
2019_nringsforeningen-alesundregionen-uten-merknader_28f45a82-ce58-4bad-8586-4db506a7ded3.txt,høringer/2019_nringsforeningen-alesundregionen-uten-merknader_28f45a82-ce58-4bad-8586-4db506a7ded3.txt,2019,Næringsforeningen Ålesundregionen (uten merknader),28f45a82-ce58-4bad-8586-4db506a7ded3,html,data/content/nasjonalbiblioteket-svar-horing-nou-2019-18-skattlegging-av-havbruk-manual-20260209102305-d5e71684-918-20260209102358003-0_0000050_sha256_3b238bdd0b24fe6cf5d81e5e0b2b55ce25ee3f2cde336d32e7745ba986048e8b.html,https://www.regjeringen.no/no/dokumenter/horing--nou-2019-18-skattlegging-av-havbruk/id2676532/?uid=28f45a82-ce58-4bad-8586-4db506a7ded3,67,8
2019_nringsforeningen-i-stavanger-regionen_0824a3c7-1c1b-46b0-996f-5051c4c9b00d.txt,høringer/2019_nringsforeningen-i-stavanger-regionen_0824a3c7-1c1b-46b0-996f-5051c4c9b00d.txt,2019,Næringsforeningen i Stavanger-regionen,0824a3c7-1c1b-46b0-996f-5051c4c9b00d,html,data/content/nasjonalbiblioteket-svar-horing-nou-2019-18-skattlegging-av-havbruk-manual-20260209102305-d5e71684-918-20260209102358003-0_0000047_sha256_9d5115e41dc6b9ff52469574510eaa45e39b5ce3314c070afc5baa649a520bd3.html,https://www.regjeringen.no/no/dokumenter/horing--nou-2019-18-skattlegging-av-havbruk/id2676532/?uid=0824a3c7-1c1b-46b0-996f-5051c4c9b00d,5744,865
2019_pelagisk-forening_ec746f71-2fab-4c9d-8b61-841a95732492.txt,høringer/2019_pelagisk-forening_ec746f71-2fab-4c9d-8b61-841a95732492.txt,2019,Pelagisk Forening,ec746f71-2fab-4c9d-8b61-841a95732492,html,data/content/nasjonalbiblioteket-svar-horing-nou-2019-18-skattlegging-av-havbruk-manual-20260209102305-d5e71684-918-20260209102359694-1_0000042_sha256_75b021c4c6e98495538f48bc2c37eba8d0bcd1a663671eeda747a37b31827c47.html,https://www.regjeringen.no/no/dokumenter/horing--nou-2019-18-skattlegging-av-havbruk/id2676532/?uid=ec746f71-2fab-4c9d-8b61-841a95732492,4332,631
2019_person-som-ikke-har-oppgitt-navn-597360_d76ddf34-7220-4170-9712-af17c8b3b46b.txt,høringer/2019_person-som-ikke-har-oppgitt-navn-597360_d76ddf34-7220-4170-9712-af17c8b3b46b.txt,2019,Person som ikke har oppgitt navn (597360),d76ddf34-7220-4170-9712-af17c8b3b46b,html,data/content/nasjonalbiblioteket-svar-horing-nou-2019-18-skattlegging-av-havbruk-manual-20260209102305-d5e71684-918-20260209102358003-0_0000051_sha256_f3dfc9212d98eadbf44c8a1c074b3b97dd3c4f0afd08302a083a43eff4877e0e.html,https://www.regjeringen.no/no/dokumenter/horing--nou-2019-18-skattlegging-av-havbruk/id2676532/?uid=d76ddf34-7220-4170-9712-af17c8b3b46b,1171,191
2019_profilgruppa_0bc9fc6a-af99-490e-9297-a32e366a44b8.txt,høringer/2019_profilgruppa_0bc9fc6a-af99-490e-9297-a32e366a44b8.txt,2019,Profilgruppa,0bc9fc6a-af99-490e-9297-a32e366a44b8,html,data/content/nasjonalbiblioteket-svar-horing-nou-2019-18-skattlegging-av-havbruk-manual-20260209102305-d5e71684-918-20260209102359694-1_0000041_sha256_5f561732ea75d743f886b08aee1521543aea8cacc10b3caa1142ea564f924f90.html,https://www.regjeringen.no/no/dokumenter/horing--nou-2019-18-skattlegging-av-havbruk/id2676532/?uid=0bc9fc6a-af99-490e-9297-a32e366a44b8,16427,2386
2019_rdy-kommune_c8bdb613-6f24-45f1-8f4a-e9c113ed5ab4.txt,høringer/2019_rdy-kommune_c8bdb613-6f24-45f1-8f4a-e9c113ed5ab4.txt,2019,Rødøy kommune,c8bdb613-6f24-45f1-8f4a-e9c113ed5ab4,html,data/content/nasjonalbiblioteket-svar-horing-nou-2019-18-skattlegging-av-havbruk-manual-20260209102305-d5e71684-918-20260209102359694-1_0000045_sha256_b8021e5c132f5095309814a3e44e8c084f27f3df6e01545a94166f5cbaddf8cd.html,https://www.regjeringen.no/no/dokumenter/horing--nou-2019-18-skattlegging-av-havbruk/id2676532/?uid=c8bdb613-6f24-45f1-8f4a-e9c113ed5ab4,3531,504
2019_salten-regionrad_b2d71d99-57f7-4f6f-8625-bcc49eebb06d.txt,høringer/2019_salten-regionrad_b2d71d99-57f7-4f6f-8625-bcc49eebb06d.txt,2019,Salten Regionråd,b2d71d99-57f7-4f6f-8625-bcc49eebb06d,html,data/content/nasjonalbiblioteket-svar-horing-nou-2019-18-skattlegging-av-havbruk-manual-20260209102305-d5e71684-918-20260209102359694-1_0000046_sha256_25226fa17e557a6ad6f58386393558ccb45db1d2d5e0f934bd0ee25fb3f696c5.html,https://www.regjeringen.no/no/dokumenter/horing--nou-2019-18-skattlegging-av-havbruk/id2676532/?uid=b2d71d99-57f7-4f6f-8625-bcc49eebb06d,3746,569
2019_sinkaberghansen-as_75dc3a1d-1e88-49f3-bc06-3b5157ab352a.txt,høringer/2019_sinkaberghansen-as_75dc3a1d-1e88-49f3-bc06-3b5157ab352a.txt,2019,SinkabergHansen AS,75dc3a1d-1e88-49f3-bc06-3b5157ab352a,html,data/content/nasjonalbiblioteket-svar-horing-nou-2019-18-skattlegging-av-havbruk-manual-20260209102305-d5e71684-918-20260209102358003-0_0000057_sha256_3a76f89d0b90877b6e79697d153de21b0dc250f8838b5590dce99330c45f045d.html,https://www.regjeringen.no/no/dokumenter/horing--nou-2019-18-skattlegging-av-havbruk/id2676532/?uid=75dc3a1d-1e88-49f3-bc06-3b5157ab352a,4450,672
2019_sjmatklyngen-senja_cb487a43-de3c-4ba1-ad6b-ff79cb8f8793.txt,høringer/2019_sjmatklyngen-senja_cb487a43-de3c-4ba1-ad6b-ff79cb8f8793.txt,2019,Sjømatklyngen Senja,cb487a43-de3c-4ba1-ad6b-ff79cb8f8793,html,data/content/nasjonalbiblioteket-svar-horing-nou-2019-18-skattlegging-av-havbruk-manual-20260209102305-d5e71684-918-20260209102358003-0_0000060_sha256_4083bdcd564946191e35883718e8bed1b467b757dc9eab521bd8529ec420c460.html,https://www.regjeringen.no/no/dokumenter/horing--nou-2019-18-skattlegging-av-havbruk/id2676532/?uid=cb487a43-de3c-4ba1-ad6b-ff79cb8f8793,16465,2379
2019_smb-norge_66310894-489b-4cf8-a0c8-e53d70999d3c.txt,høringer/2019_smb-norge_66310894-489b-4cf8-a0c8-e53d70999d3c.txt,2019,SMB Norge,66310894-489b-4cf8-a0c8-e53d70999d3c,html,data/content/nasjonalbiblioteket-svar-horing-nou-2019-18-skattlegging-av-havbruk-manual-20260209102305-d5e71684-918-20260209102359694-1_0000049_sha256_555b3eebc5a26f79f460d99eba8b6c38a9d7b200f447cc7d4f2429f15dc19596.html,https://www.regjeringen.no/no/dokumenter/horing--nou-2019-18-skattlegging-av-havbruk/id2676532/?uid=66310894-489b-4cf8-a0c8-e53d70999d3c,3243,494
2019_sosialistisk-fellesliste-av-sv-og-raudt-kvinnherad_5562bde2-f76c-46ee-a6bf-096a3a099c60.txt,høringer/2019_sosialistisk-fellesliste-av-sv-og-raudt-kvinnherad_5562bde2-f76c-46ee-a6bf-096a3a099c60.txt,2019,"Sosialistisk Fellesliste av SV og Raudt, Kvinnherad",5562bde2-f76c-46ee-a6bf-096a3a099c60,html,data/content/nasjonalbiblioteket-svar-horing-nou-2019-18-skattlegging-av-havbruk-manual-20260209102305-d5e71684-918-20260209102358003-0_0000062_sha256_2f87f638533b864bd065ddb6482a3c1e8fe9da2985e7b1a852364588aa9ba935.html,https://www.regjeringen.no/no/dokumenter/horing--nou-2019-18-skattlegging-av-havbruk/id2676532/?uid=5562bde2-f76c-46ee-a6bf-096a3a099c60,7737,1197
2019_stavanger-kommune_9d773f4b-6490-4f42-b930-a2f29e5f4b7d.txt,høringer/2019_stavanger-kommune_9d773f4b-6490-4f42-b930-a2f29e5f4b7d.txt,2019,Stavanger kommune,9d773f4b-6490-4f42-b930-a2f29e5f4b7d,html,data/content/nasjonalbiblioteket-svar-horing-nou-2019-18-skattlegging-av-havbruk-manual-20260209102305-d5e71684-918-20260209102358003-0_0000064_sha256_15689e51190f8f7b4aed42f243dea002b5bea4ce8169ba5363bae4d6b0714878.html,https://www.regjeringen.no/no/dokumenter/horing--nou-2019-18-skattlegging-av-havbruk/id2676532/?uid=9d773f4b-6490-4f42-b930-a2f29e5f4b7d,6877,1004
2019_steigen-kommune_fe3cabcd-3863-40bf-a03b-2f2a5602a47e.txt,høringer/2019_steigen-kommune_fe3cabcd-3863-40bf-a03b-2f2a5602a47e.txt,2019,Steigen Kommune,fe3cabcd-3863-40bf-a03b-2f2a5602a47e,html,data/content/nasjonalbiblioteket-svar-horing-nou-2019-18-skattlegging-av-havbruk-manual-20260209102305-d5e71684-918-20260209102359694-1_0000053_sha256_be1f31381e006db849478f502e5a6bff173d1cb82b8095f43dd0d00b2815e9a4.html,https://www.regjeringen.no/no/dokumenter/horing--nou-2019-18-skattlegging-av-havbruk/id2676532/?uid=fe3cabcd-3863-40bf-a03b-2f2a5602a47e,3376,508
2019_steinar-holden-konomisk-institutt-uio_0ecd1077-9612-4fe1-b8c3-34b72e4df8f4.txt,høringer/2019_steinar-holden-konomisk-institutt-uio_0ecd1077-9612-4fe1-b8c3-34b72e4df8f4.txt,2019,"Steinar Holden, Økonomisk institutt, UiO",0ecd1077-9612-4fe1-b8c3-34b72e4df8f4,html,data/content/nasjonalbiblioteket-svar-horing-nou-2019-18-skattlegging-av-havbruk-manual-20260209102305-d5e71684-918-20260209102359694-1_0000052_sha256_d77f3d3d1fd8f7fb492410405300bd4975ee52e2b86554e32cc4705f27655fae.html,https://www.regjeringen.no/no/dokumenter/horing--nou-2019-18-skattlegging-av-havbruk/id2676532/?uid=0ecd1077-9612-4fe1-b8c3-34b72e4df8f4,4730,665
2019_stiftinga-norsk-villaksforvaltning_557ad588-a527-4b3c-ba05-26eac717f3f8.txt,høringer/2019_stiftinga-norsk-villaksforvaltning_557ad588-a527-4b3c-ba05-26eac717f3f8.txt,2019,Stiftinga Norsk Villaksforvaltning,557ad588-a527-4b3c-ba05-26eac717f3f8,html,data/content/nasjonalbiblioteket-svar-horing-nou-2019-18-skattlegging-av-havbruk-manual-20260209102305-d5e71684-918-20260209102359694-1_0000054_sha256_d6926837c07ed99a8444ad5b20b84c32368ffd0d0cb7532d294c40294b1480e1.html,https://www.regjeringen.no/no/dokumenter/horing--nou-2019-18-skattlegging-av-havbruk/id2676532/?uid=557ad588-a527-4b3c-ba05-26eac717f3f8,2762,415
2019_strand-kommune_8ec62423-a48a-4cc4-8e12-c6775edd18ba.txt,høringer/2019_strand-kommune_8ec62423-a48a-4cc4-8e12-c6775edd18ba.txt,2019,Strand Kommune,8ec62423-a48a-4cc4-8e12-c6775edd18ba,html,data/content/nasjonalbiblioteket-svar-horing-nou-2019-18-skattlegging-av-havbruk-manual-20260209102305-d5e71684-918-20260209102358003-0_0000068_sha256_3a83ea390165be8406c31f90cc767a4f190db4437def9aa17f95017df5d26b32.html,https://www.regjeringen.no/no/dokumenter/horing--nou-2019-18-skattlegging-av-havbruk/id2676532/?uid=8ec62423-a48a-4cc4-8e12-c6775edd18ba,284,39
2019_troms-kommune_392b0f1a-8922-4c98-8be0-0b642a89cae8.txt,høringer/2019_troms-kommune_392b0f1a-8922-4c98-8be0-0b642a89cae8.txt,2019,Tromsø kommune,392b0f1a-8922-4c98-8be0-0b642a89cae8,html,data/content/nasjonalbiblioteket-svar-horing-nou-2019-18-skattlegging-av-havbruk-manual-20260209102305-d5e71684-918-20260209102358003-0_0000070_sha256_e7d52a55b827bc41c26202bf5240fbf473bcd079379570d1d16fca99fc1127c4.html,https://www.regjeringen.no/no/dokumenter/horing--nou-2019-18-skattlegging-av-havbruk/id2676532/?uid=392b0f1a-8922-4c98-8be0-0b642a89cae8,2293,341
2019_troms-og-finnmark-fylkeskommune_01fd502d-6919-431e-aec2-3df392242f53.txt,høringer/2019_troms-og-finnmark-fylkeskommune_01fd502d-6919-431e-aec2-3df392242f53.txt,2019,Troms og Finnmark fylkeskommune,01fd502d-6919-431e-aec2-3df392242f53,html,data/content/nasjonalbiblioteket-svar-horing-nou-2019-18-skattlegging-av-havbruk-manual-20260209102305-d5e71684-918-20260209102358003-0_0000067_sha256_c01f9ebc22f52c714b6e2406e0fe4d44ab64820a00130cd91893899ba1883ed1.html,https://www.regjeringen.no/no/dokumenter/horing--nou-2019-18-skattlegging-av-havbruk/id2676532/?uid=01fd502d-6919-431e-aec2-3df392242f53,4442,640
2019_tysnes-kommune_d6be56b2-a996-4bed-8917-8e4c90638208.txt,høringer/2019_tysnes-kommune_d6be56b2-a996-4bed-8917-8e4c90638208.txt,2019,Tysnes kommune,d6be56b2-a996-4bed-8917-8e4c90638208,html,data/content/nasjonalbiblioteket-svar-horing-nou-2019-18-skattlegging-av-havbruk-manual-20260209102305-d5e71684-918-20260209102358003-0_0000071_sha256_04657952360468518e50ee138c81145143def96c91128c5e0c1c282696147a65.html,https://www.regjeringen.no/no/dokumenter/horing--nou-2019-18-skattlegging-av-havbruk/id2676532/?uid=d6be56b2-a996-4bed-8917-8e4c90638208,13260,1971
2019_vest-finnmark-radet_7c1e415a-1503-4dcf-a1e7-a4b57fdc8c42.txt,høringer/2019_vest-finnmark-radet_7c1e415a-1503-4dcf-a1e7-a4b57fdc8c42.txt,2019,Vest-Finnmark Rådet,7c1e415a-1503-4dcf-a1e7-a4b57fdc8c42,html,data/content/nasjonalbiblioteket-svar-horing-nou-2019-18-skattlegging-av-havbruk-manual-20260209102305-d5e71684-918-20260209102359694-1_0000056_sha256_97454b3fc76dff64bd6eec1a48b4540aef92daeb601a31902525763aa10c43ea.html,https://www.regjeringen.no/no/dokumenter/horing--nou-2019-18-skattlegging-av-havbruk/id2676532/?uid=7c1e415a-1503-4dcf-a1e7-a4b57fdc8c42,3909,575
2019_vest-nringsrad_c056c511-c0a6-4f8f-8478-573fafeaac38.txt,høringer/2019_vest-nringsrad_c056c511-c0a6-4f8f-8478-573fafeaac38.txt,2019,Vest Næringsråd,c056c511-c0a6-4f8f-8478-573fafeaac38,html,data/content/nasjonalbiblioteket-svar-horing-nou-2019-18-skattlegging-av-havbruk-manual-20260209102305-d5e71684-918-20260209102359694-1_0000057_sha256_3eb311de3f80a2fac24a684104861ff2d389c0bb3f67596665684ff9ae44c64f.html,https://www.regjeringen.no/no/dokumenter/horing--nou-2019-18-skattlegging-av-havbruk/id2676532/?uid=c056c511-c0a6-4f8f-8478-573fafeaac38,3006,459
2023_1-vara-til-stortinget-guro-holm-skillingstad_acb78ab5-378a-42b5-bddb-ebc0e91def58.txt,høringer/2023_1-vara-til-stortinget-guro-holm-skillingstad_acb78ab5-378a-42b5-bddb-ebc0e91def58.txt,2023,"1. vara til Stortinget, Guro Holm Skillingstad",acb78ab5-378a-42b5-bddb-ebc0e91def58,html,data/content/nasjonalbiblioteket-svar-horing-prop-78-2022-grunnrenteskatt-laks-manual-20260209222706-4c59c2e3-738-20260209222802380-0_0000001_sha256_5906fb17203562e3b918d0ce213f51b4b70ae2426f9a5d3196d90fd40ed134ad.html,https://www.regjeringen.no/no/dokumenter/horing-grunnrenteskatt-pa-havbruk/id2929159/?uid=acb78ab5-378a-42b5-bddb-ebc0e91def58,2437,361
2023_a-frya-kommune_2d794a07-b502-4934-963b-ae97fc1bfd14.txt,høringer/2023_a-frya-kommune_2d794a07-b502-4934-963b-ae97fc1bfd14.txt,2023,A - Frøya kommune,2d794a07-b502-4934-963b-ae97fc1bfd14,html,data/content/nasjonalbiblioteket-svar-horing-prop-78-2022-grunnrenteskatt-laks-manual-20260209222706-4c59c2e3-738-20260209222802945-1_0000001_sha256_6a993b15f09024fc9980a3d70ec5559481ad99ba9dc8501bc18f435200e9aacb.html,https://www.regjeringen.no/no/dokumenter/horing-grunnrenteskatt-pa-havbruk/id2929159/?uid=2d794a07-b502-4934-963b-ae97fc1bfd14,8156,1235
2023_aamund-rike_49ef3d15-f65b-4991-a547-9773c451f718.txt,høringer/2023_aamund-rike_49ef3d15-f65b-4991-a547-9773c451f718.txt,2023,Aamund Rike,49ef3d15-f65b-4991-a547-9773c451f718,html,data/content/nasjonalbiblioteket-svar-horing-prop-78-2022-grunnrenteskatt-laks-manual-20260209222706-4c59c2e3-738-20260209222802380-0_0000211_sha256_12849fa6b56bb0625ff229f2174a48ac2440fe016ae1b41d70e3f119fae1fbd0.html,https://www.regjeringen.no/no/dokumenter/horing-grunnrenteskatt-pa-havbruk/id2929159/?uid=49ef3d15-f65b-4991-a547-9773c451f718,1184,179
2023_aipce-cep-eu-fish-processors-and-traders-association_95945c0c-5b28-4d6d-9f04-058cc5bde905.txt,høringer/2023_aipce-cep-eu-fish-processors-and-traders-association_95945c0c-5b28-4d6d-9f04-058cc5bde905.txt,2023,AIPCE-CEP EU Fish Processors and Traders Association,95945c0c-5b28-4d6d-9f04-058cc5bde905,html,data/content/nasjonalbiblioteket-svar-horing-prop-78-2022-grunnrenteskatt-laks-manual-20260209222706-4c59c2e3-738-20260209222802380-0_0000008_sha256_80ea2698b579f64fbfba77759dcde4f069ee4dc6ed3eeb2fd69cc14786aa9117.html,https://www.regjeringen.no/no/dokumenter/horing-grunnrenteskatt-pa-havbruk/id2929159/?uid=95945c0c-5b28-4d6d-9f04-058cc5bde905,1598,264
2023_air-cargo-logistics-as_0d029672-f819-4fbe-9932-311a5925979e.txt,høringer/2023_air-cargo-logistics-as_0d029672-f819-4fbe-9932-311a5925979e.txt,2023,Air Cargo Logistics AS,0d029672-f819-4fbe-9932-311a5925979e,html,data/content/nasjonalbiblioteket-svar-horing-prop-78-2022-grunnrenteskatt-laks-manual-20260209222706-4c59c2e3-738-20260209222802380-0_0000007_sha256_c2d5121bee4807e71898b0af5e4c24d42750b2dcd135d85f4a58c968d4e0d965.html,https://www.regjeringen.no/no/dokumenter/horing-grunnrenteskatt-pa-havbruk/id2929159/?uid=0d029672-f819-4fbe-9932-311a5925979e,1186,187
2023_akademikerne_8086f27e-4489-4760-a561-34687d378334.txt,høringer/2023_akademikerne_8086f27e-4489-4760-a561-34687d378334.txt,2023,Akademikerne,8086f27e-4489-4760-a561-34687d378334,html,data/content/nasjonalbiblioteket-svar-horing-prop-78-2022-grunnrenteskatt-laks-manual-20260209222706-4c59c2e3-738-20260209222802945-1_0000005_sha256_468a327ec83f40445d81e5b2bbfcb959e002dd9a0d28683cb441629d28ba0c3b.html,https://www.regjeringen.no/no/dokumenter/horing-grunnrenteskatt-pa-havbruk/id2929159/?uid=8086f27e-4489-4760-a561-34687d378334,1676,240
2023_aksjonrforeningen_5c875467-bc23-49ad-a14c-bea8500ffeb4.txt,høringer/2023_aksjonrforeningen_5c875467-bc23-49ad-a14c-bea8500ffeb4.txt,2023,Aksjonærforeningen,5c875467-bc23-49ad-a14c-bea8500ffeb4,html,data/content/nasjonalbiblioteket-svar-horing-prop-78-2022-grunnrenteskatt-laks-manual-20260209222706-4c59c2e3-738-20260209222802945-1_0000006_sha256_c1eb0cfc5be5b9c92bfeecc34410e0f2d2ecb7bf5faf9abdc6b1736253efa1f4.html,https://www.regjeringen.no/no/dokumenter/horing-grunnrenteskatt-pa-havbruk/id2929159/?uid=5c875467-bc23-49ad-a14c-bea8500ffeb4,8539,1318
2023_alesund-kommune_7f10dcf9-1807-4c3e-acbf-ad8430e9a1a5.txt,høringer/2023_alesund-kommune_7f10dcf9-1807-4c3e-acbf-ad8430e9a1a5.txt,2023,Ålesund kommune,7f10dcf9-1807-4c3e-acbf-ad8430e9a1a5,html,data/content/nasjonalbiblioteket-svar-horing-prop-78-2022-grunnrenteskatt-laks-manual-20260209222706-4c59c2e3-738-20260209222802380-0_0000212_sha256_b76e43a7536df799b0067e7da0372aa68cb98d585ef22ecbb553cc199b9c5768.html,https://www.regjeringen.no/no/dokumenter/horing-grunnrenteskatt-pa-havbruk/id2929159/?uid=7f10dcf9-1807-4c3e-acbf-ad8430e9a1a5,3097,466
2023_alstahaug-kommune_7179c5f6-f1c0-4515-ad0f-3a29799ac795.txt,høringer/2023_alstahaug-kommune_7179c5f6-f1c0-4515-ad0f-3a29799ac795.txt,2023,Alstahaug kommune,7179c5f6-f1c0-4515-ad0f-3a29799ac795,html,data/content/nasjonalbiblioteket-svar-horing-prop-78-2022-grunnrenteskatt-laks-manual-20260209222706-4c59c2e3-738-20260209222802945-1_0000009_sha256_ac827c70f6c8188f91ed4ca04f1001cf56ec898b0530a30443b723de71904c97.html,https://www.regjeringen.no/no/dokumenter/horing-grunnrenteskatt-pa-havbruk/id2929159/?uid=7179c5f6-f1c0-4515-ad0f-3a29799ac795,5061,759
2023_alta-kommune_18e6064f-b9b7-401f-8832-8645142a356e.txt,høringer/2023_alta-kommune_18e6064f-b9b7-401f-8832-8645142a356e.txt,2023,Alta kommune,18e6064f-b9b7-401f-8832-8645142a356e,html,data/content/nasjonalbiblioteket-svar-horing-prop-78-2022-grunnrenteskatt-laks-manual-20260209222706-4c59c2e3-738-20260209222802380-0_0000010_sha256_09177ab9e5894cef6041d8a8cdd0793adcdefa03c42a15e4cf6ab19d4b111395.html,https://www.regjeringen.no/no/dokumenter/horing-grunnrenteskatt-pa-havbruk/id2929159/?uid=18e6064f-b9b7-401f-8832-8645142a356e,1898,272
2023_alver-kommune_8d27f3d2-1521-497f-beeb-8a4b4ca1ccdb.txt,høringer/2023_alver-kommune_8d27f3d2-1521-497f-beeb-8a4b4ca1ccdb.txt,2023,Alver kommune,8d27f3d2-1521-497f-beeb-8a4b4ca1ccdb,html,data/content/nasjonalbiblioteket-svar-horing-prop-78-2022-grunnrenteskatt-laks-manual-20260209222706-4c59c2e3-738-20260209222802945-1_0000010_sha256_b5e6621cd2d319b885fda707e0595e2008326e3b5a6b035bc9a47e792638003f.html,https://www.regjeringen.no/no/dokumenter/horing-grunnrenteskatt-pa-havbruk/id2929159/?uid=8d27f3d2-1521-497f-beeb-8a4b4ca1ccdb,2396,358
2023_anders-fretheim_5d652999-b0f4-4054-9a1f-a87f38fef4d5.txt,høringer/2023_anders-fretheim_5d652999-b0f4-4054-9a1f-a87f38fef4d5.txt,2023,Anders Fretheim,5d652999-b0f4-4054-9a1f-a87f38fef4d5,html,data/content/nasjonalbiblioteket-svar-horing-prop-78-2022-grunnrenteskatt-laks-manual-20260209222706-4c59c2e3-738-20260209222802380-0_0000011_sha256_88fc5c99adbc112ac307da4f114ab15f323fbc8510eefa65002f1ee43a604b37.html,https://www.regjeringen.no/no/dokumenter/horing-grunnrenteskatt-pa-havbruk/id2929159/?uid=5d652999-b0f4-4054-9a1f-a87f38fef4d5,563,86
2023_aqs-as_981ff41a-d57b-4bcd-be7b-32ed0f08f796.txt,høringer/2023_aqs-as_981ff41a-d57b-4bcd-be7b-32ed0f08f796.txt,2023,AQS AS,981ff41a-d57b-4bcd-be7b-32ed0f08f796,html,data/content/nasjonalbiblioteket-svar-horing-prop-78-2022-grunnrenteskatt-laks-manual-20260209222706-4c59c2e3-738-20260209222802380-0_0000012_sha256_43cd4c279bba218fcde0b796ae59ce2e4eaa2b19fd76c6477f5abfc9958087d7.html,https://www.regjeringen.no/no/dokumenter/horing-grunnrenteskatt-pa-havbruk/id2929159/?uid=981ff41a-d57b-4bcd-be7b-32ed0f08f796,2015,290
2023_arne-byrkjeflot_68fce656-6b25-44ba-960b-e277e697bd36.txt,høringer/2023_arne-byrkjeflot_68fce656-6b25-44ba-960b-e277e697bd36.txt,2023,Arne Byrkjeflot,68fce656-6b25-44ba-960b-e277e697bd36,html,data/content/nasjonalbiblioteket-svar-horing-prop-78-2022-grunnrenteskatt-laks-manual-20260209222706-4c59c2e3-738-20260209222802945-1_0000013_sha256_0bf85c91b761f718d938984e600af987489fd5141e54f5be12ae3de7a2af3c7b.html,https://www.regjeringen.no/no/dokumenter/horing-grunnrenteskatt-pa-havbruk/id2929159/?uid=68fce656-6b25-44ba-960b-e277e697bd36,5107,867
2023_asmund-olav-ersland-hauge_b4a2ff60-55a3-454a-8f39-787b970f7697.txt,høringer/2023_asmund-olav-ersland-hauge_b4a2ff60-55a3-454a-8f39-787b970f7697.txt,2023,Åsmund Olav Ersland Hauge,b4a2ff60-55a3-454a-8f39-787b970f7697,html,data/content/nasjonalbiblioteket-svar-horing-prop-78-2022-grunnrenteskatt-laks-manual-20260209222706-4c59c2e3-738-20260209222802945-1_0000217_sha256_c7318e5f3b69b0aec295c7745e8dc88c4e34225c070811d0a6e47f83201dea4f.html,https://www.regjeringen.no/no/dokumenter/horing-grunnrenteskatt-pa-havbruk/id2929159/?uid=b4a2ff60-55a3-454a-8f39-787b970f7697,3164,512
2023_astorplast-as_521cf01b-f380-45f8-985b-3dca760ef605.txt,høringer/2023_astorplast-as_521cf01b-f380-45f8-985b-3dca760ef605.txt,2023,Astorplast AS,521cf01b-f380-45f8-985b-3dca760ef605,html,data/content/nasjonalbiblioteket-svar-horing-prop-78-2022-grunnrenteskatt-laks-manual-20260209222706-4c59c2e3-738-20260209222802380-0_0000013_sha256_db933abccc044b725392e7929062f9ed74d4c10f446462dd94834ffa4a30e66b.html,https://www.regjeringen.no/no/dokumenter/horing-grunnrenteskatt-pa-havbruk/id2929159/?uid=521cf01b-f380-45f8-985b-3dca760ef605,542,81
2023_aud-skrudland_9f10b744-dc27-4a44-9429-fae57af921d2.txt,høringer/2023_aud-skrudland_9f10b744-dc27-4a44-9429-fae57af921d2.txt,2023,Aud Skrudland,9f10b744-dc27-4a44-9429-fae57af921d2,html,data/content/nasjonalbiblioteket-svar-horing-prop-78-2022-grunnrenteskatt-laks-manual-20260209222706-4c59c2e3-738-20260209222802380-0_0000014_sha256_704ff878cd336209228bb303c86d7aff73799f86358689f7dec50abb8eca5ab3.html,https://www.regjeringen.no/no/dokumenter/horing-grunnrenteskatt-pa-havbruk/id2929159/?uid=9f10b744-dc27-4a44-9429-fae57af921d2,1336,204
2023_aukra-kommune_b04bf831-57b6-4088-844c-8429b56b2138.txt,høringer/2023_aukra-kommune_b04bf831-57b6-4088-844c-8429b56b2138.txt,2023,Aukra kommune,b04bf831-57b6-4088-844c-8429b56b2138,html,data/content/nasjonalbiblioteket-svar-horing-prop-78-2022-grunnrenteskatt-laks-manual-20260209222706-4c59c2e3-738-20260209222802945-1_0000014_sha256_ed28c2695c4393021eef2041736e2bd3fb618d5e7e258fe60a3bf80ad6d5be0d.html,https://www.regjeringen.no/no/dokumenter/horing-grunnrenteskatt-pa-havbruk/id2929159/?uid=b04bf831-57b6-4088-844c-8429b56b2138,1119,165
2023_aukra-sykkelklubb_50c0554f-1aa1-45a8-8967-eeb7a09ea88f.txt,høringer/2023_aukra-sykkelklubb_50c0554f-1aa1-45a8-8967-eeb7a09ea88f.txt,2023,Aukra Sykkelklubb,50c0554f-1aa1-45a8-8967-eeb7a09ea88f,html,data/content/nasjonalbiblioteket-svar-horing-prop-78-2022-grunnrenteskatt-laks-manual-20260209222706-4c59c2e3-738-20260209222802945-1_0000012_sha256_7f42f7126ab9725ff3fa05885dd4dba15e40124e99cc4e8d65852208d2f23107.html,https://www.regjeringen.no/no/dokumenter/horing-grunnrenteskatt-pa-havbruk/id2929159/?uid=50c0554f-1aa1-45a8-8967-eeb7a09ea88f,1388,215
2023_b-kommune_3de29ca9-e136-4109-bea2-86e63b5888fe.txt,høringer/2023_b-kommune_3de29ca9-e136-4109-bea2-86e63b5888fe.txt,2023,Bø kommune,3de29ca9-e136-4109-bea2-86e63b5888fe,html,data/content/nasjonalbiblioteket-svar-horing-prop-78-2022-grunnrenteskatt-laks-manual-20260209222706-4c59c2e3-738-20260209222802945-1_0000026_sha256_694eb6ce00840c8e8e39975e0b68672330293a15c4d814d7ea105012df69f28a.html,https://www.regjeringen.no/no/dokumenter/horing-grunnrenteskatt-pa-havbruk/id2929159/?uid=3de29ca9-e136-4109-bea2-86e63b5888fe,5665,843
2023_bard-misund-og-ragnar-tveteras-professorer-universitetet-i-stavanger_89a2eb60-59f3-4df3-8734-57b53f6af11f.txt,høringer/2023_bard-misund-og-ragnar-tveteras-professorer-universitetet-i-stavanger_89a2eb60-59f3-4df3-8734-57b53f6af11f.txt,2023,"Bård Misund og Ragnar Tveterås, professorer, Universitetet i Stavanger",89a2eb60-59f3-4df3-8734-57b53f6af11f,html,data/content/nasjonalbiblioteket-svar-horing-prop-78-2022-grunnrenteskatt-laks-manual-20260209222706-4c59c2e3-738-20260209222802380-0_0000023_sha256_6e2b3471df3b634b21b38e3e8b77f8ad0a2891ef115e89dffa3a3e2f86a47b98.html,https://www.regjeringen.no/no/dokumenter/horing-grunnrenteskatt-pa-havbruk/id2929159/?uid=89a2eb60-59f3-4df3-8734-57b53f6af11f,4875,697
2023_bergen-nringsrad_850ab798-65a0-47e3-b380-60c1f75549db.txt,høringer/2023_bergen-nringsrad_850ab798-65a0-47e3-b380-60c1f75549db.txt,2023,Bergen Næringsråd,850ab798-65a0-47e3-b380-60c1f75549db,html,data/content/nasjonalbiblioteket-svar-horing-prop-78-2022-grunnrenteskatt-laks-manual-20260209222706-4c59c2e3-738-20260209222802380-0_0000017_sha256_58687fd8f8c2e3693039bdb98e823b50eefbdf02c06a8edd6266a4f03c35bab2.html,https://www.regjeringen.no/no/dokumenter/horing-grunnrenteskatt-pa-havbruk/id2929159/?uid=850ab798-65a0-47e3-b380-60c1f75549db,8593,1261
2023_biomarint-forum_eedf9f72-fd0c-4e0c-ab65-7bafb29d6ed1.txt,høringer/2023_biomarint-forum_eedf9f72-fd0c-4e0c-ab65-7bafb29d6ed1.txt,2023,Biomarint forum,eedf9f72-fd0c-4e0c-ab65-7bafb29d6ed1,html,data/content/nasjonalbiblioteket-svar-horing-prop-78-2022-grunnrenteskatt-laks-manual-20260209222706-4c59c2e3-738-20260209222802380-0_0000018_sha256_e494114cca9cc380f8c37227e1737e01bad5cc8c4745bb0c875480dc404fca3d.html,https://www.regjeringen.no/no/dokumenter/horing-grunnrenteskatt-pa-havbruk/id2929159/?uid=eedf9f72-fd0c-4e0c-ab65-7bafb29d6ed1,9559,1390
2023_bjrnafjorden-kommune_c9e2b5bb-af62-441e-b9e4-1f62793366cf.txt,høringer/2023_bjrnafjorden-kommune_c9e2b5bb-af62-441e-b9e4-1f62793366cf.txt,2023,Bjørnafjorden kommune,c9e2b5bb-af62-441e-b9e4-1f62793366cf,html,data/content/nasjonalbiblioteket-svar-horing-prop-78-2022-grunnrenteskatt-laks-manual-20260209222706-4c59c2e3-738-20260209222802945-1_0000017_sha256_561998514d6524500ada9ad0778cb3707f5e4b93197763d1185b1b76c59cae25.html,https://www.regjeringen.no/no/dokumenter/horing-grunnrenteskatt-pa-havbruk/id2929159/?uid=c9e2b5bb-af62-441e-b9e4-1f62793366cf,3349,465
2023_bjrya-as_0a791994-241b-4484-a36d-c1c0fb452502.txt,høringer/2023_bjrya-as_0a791994-241b-4484-a36d-c1c0fb452502.txt,2023,Bjørøya AS,0a791994-241b-4484-a36d-c1c0fb452502,html,data/content/nasjonalbiblioteket-svar-horing-prop-78-2022-grunnrenteskatt-laks-manual-20260209222706-4c59c2e3-738-20260209222802945-1_0000025_sha256_8c2c0c135cd99c9c5c55088ee04469d5a36ac59ee2091ddb3e3d8ee17518f732.html,https://www.regjeringen.no/no/dokumenter/horing-grunnrenteskatt-pa-havbruk/id2929159/?uid=0a791994-241b-4484-a36d-c1c0fb452502,1345,189
2023_blue-ocean-technology-as_89911a8d-e5db-4a0e-a040-6fc457979fa6.txt,høringer/2023_blue-ocean-technology-as_89911a8d-e5db-4a0e-a040-6fc457979fa6.txt,2023,Blue Ocean Technology AS,89911a8d-e5db-4a0e-a040-6fc457979fa6,html,data/content/nasjonalbiblioteket-svar-horing-prop-78-2022-grunnrenteskatt-laks-manual-20260209222706-4c59c2e3-738-20260209222802380-0_0000020_sha256_d800b4bc0dfbd32ca9cfcfc9930236e02d149e108a767094a61270f84a475fed.html,https://www.regjeringen.no/no/dokumenter/horing-grunnrenteskatt-pa-havbruk/id2929159/?uid=89911a8d-e5db-4a0e-a040-6fc457979fa6,3852,611
2023_bmlo-nringsrad_2223e0c9-dbc3-42b4-a05f-7ae3fdb136c2.txt,høringer/2023_bmlo-nringsrad_2223e0c9-dbc3-42b4-a05f-7ae3fdb136c2.txt,2023,Bømlo Næringsråd,2223e0c9-dbc3-42b4-a05f-7ae3fdb136c2,html,data/content/nasjonalbiblioteket-svar-horing-prop-78-2022-grunnrenteskatt-laks-manual-20260209222706-4c59c2e3-738-20260209222802945-1_0000032_sha256_d6941a79f244c58ea801343e660a8b90e51b894e919922467fede3d6c3828003.html,https://www.regjeringen.no/no/dokumenter/horing-grunnrenteskatt-pa-havbruk/id2929159/?uid=2223e0c9-dbc3-42b4-a05f-7ae3fdb136c2,3779,575
2023_bodregionens-utviklingsselskap-as_d827ab9f-7752-4ab8-ab7e-c8937cb307bd.txt,høringer/2023_bodregionens-utviklingsselskap-as_d827ab9f-7752-4ab8-ab7e-c8937cb307bd.txt,2023,Bodøregionens Utviklingsselskap AS,d827ab9f-7752-4ab8-ab7e-c8937cb307bd,html,data/content/nasjonalbiblioteket-svar-horing-prop-78-2022-grunnrenteskatt-laks-manual-20260209222706-4c59c2e3-738-20260209222802380-0_0000021_sha256_a1dd1c23a6ac9d85bf671f811afccaf4ea7ddc42542eff9ea22048c56c26967f.html,https://www.regjeringen.no/no/dokumenter/horing-grunnrenteskatt-pa-havbruk/id2929159/?uid=d827ab9f-7752-4ab8-ab7e-c8937cb307bd,7823,1135
2023_bokn-kommune_2975e8ff-05b0-4db0-96f5-ba3dff9e8df0.txt,høringer/2023_bokn-kommune_2975e8ff-05b0-4db0-96f5-ba3dff9e8df0.txt,2023,Bokn kommune,2975e8ff-05b0-4db0-96f5-ba3dff9e8df0,html,data/content/nasjonalbiblioteket-svar-horing-prop-78-2022-grunnrenteskatt-laks-manual-20260209222706-4c59c2e3-738-20260209222802380-0_0000019_sha256_a172458609108902033e2f0b4f67124386d9e2084d14e1879c737e2803284aad.html,https://www.regjeringen.no/no/dokumenter/horing-grunnrenteskatt-pa-havbruk/id2929159/?uid=2975e8ff-05b0-4db0-96f5-ba3dff9e8df0,3161,509
2023_brdr-hukkelberg-as_ad44d2f1-951b-4be0-8966-64085b6d3179.txt,høringer/2023_brdr-hukkelberg-as_ad44d2f1-951b-4be0-8966-64085b6d3179.txt,2023,Brødr. Hukkelberg AS,ad44d2f1-951b-4be0-8966-64085b6d3179,html,data/content/nasjonalbiblioteket-svar-horing-prop-78-2022-grunnrenteskatt-laks-manual-20260209222706-4c59c2e3-738-20260209222802945-1_0000027_sha256_d940cd0c169cc69bb5c3b18050588f106e6305f980caade860d2ab8cbfabf833.html,https://www.regjeringen.no/no/dokumenter/horing-grunnrenteskatt-pa-havbruk/id2929159/?uid=ad44d2f1-951b-4be0-8966-64085b6d3179,3195,534
2023_christian-nordby_4fa5aa41-ae33-4a0b-837e-fff786875dae.txt,høringer/2023_christian-nordby_4fa5aa41-ae33-4a0b-837e-fff786875dae.txt,2023,Christian Nordby,4fa5aa41-ae33-4a0b-837e-fff786875dae,html,data/content/nasjonalbiblioteket-svar-horing-prop-78-2022-grunnrenteskatt-laks-manual-20260209222706-4c59c2e3-738-20260209222802945-1_0000033_sha256_9aa9fca3a073e211e4a86c1a2d7a93fdf58d103c8f958c95b830b47f1efd5705.html,https://www.regjeringen.no/no/dokumenter/horing-grunnrenteskatt-pa-havbruk/id2929159/?uid=4fa5aa41-ae33-4a0b-837e-fff786875dae,2405,375
2023_den-norske-revisorforening_c3723f22-93f2-48a7-bff5-9aef743215ab.txt,høringer/2023_den-norske-revisorforening_c3723f22-93f2-48a7-bff5-9aef743215ab.txt,2023,Den norske Revisorforening,c3723f22-93f2-48a7-bff5-9aef743215ab,html,data/content/nasjonalbiblioteket-svar-horing-prop-78-2022-grunnrenteskatt-laks-manual-20260209222706-4c59c2e3-738-20260209222802945-1_0000034_sha256_09ecca2f6cb2efa51473a844e093e48a6122aeba308fcd6e8707b04b5691c3f3.html,https://www.regjeringen.no/no/dokumenter/horing-grunnrenteskatt-pa-havbruk/id2929159/?uid=c3723f22-93f2-48a7-bff5-9aef743215ab,2119,318
2023_det-norske-maskinistforbund_497e027c-6b7a-4e4b-b4df-1d4891c0b6c7.txt,høringer/2023_det-norske-maskinistforbund_497e027c-6b7a-4e4b-b4df-1d4891c0b6c7.txt,2023,Det norske maskinistforbund,497e027c-6b7a-4e4b-b4df-1d4891c0b6c7,html,data/content/nasjonalbiblioteket-svar-horing-prop-78-2022-grunnrenteskatt-laks-manual-20260209222706-4c59c2e3-738-20260209222802380-0_0000022_sha256_360b43964a53dddbd36f85fa770e42dbbbc6b775be216a8a8d6895942048eb33.html,https://www.regjeringen.no/no/dokumenter/horing-grunnrenteskatt-pa-havbruk/id2929159/?uid=497e027c-6b7a-4e4b-b4df-1d4891c0b6c7,1565,230
2023_dnna-kommune_54db9bf5-062a-4cd6-ad7b-1a57fac68ad0.txt,høringer/2023_dnna-kommune_54db9bf5-062a-4cd6-ad7b-1a57fac68ad0.txt,2023,Dønna kommune,54db9bf5-062a-4cd6-ad7b-1a57fac68ad0,html,data/content/nasjonalbiblioteket-svar-horing-prop-78-2022-grunnrenteskatt-laks-manual-20260209222706-4c59c2e3-738-20260209222802945-1_0000038_sha256_2f28c9a24bc4c08a8bb95a0a2611e1468f476cd7141ca95dba7480c4d0288a9f.html,https://www.regjeringen.no/no/dokumenter/horing-grunnrenteskatt-pa-havbruk/id2929159/?uid=54db9bf5-062a-4cd6-ad7b-1a57fac68ad0,985,143
2023_dyry-kommune_4655b0e1-73ed-48e9-aebc-f7869e488dc6.txt,høringer/2023_dyry-kommune_4655b0e1-73ed-48e9-aebc-f7869e488dc6.txt,2023,Dyrøy kommune,4655b0e1-73ed-48e9-aebc-f7869e488dc6,html,data/content/nasjonalbiblioteket-svar-horing-prop-78-2022-grunnrenteskatt-laks-manual-20260209222706-4c59c2e3-738-20260209222802380-0_0000028_sha256_6e94c174d7773f491cba4adb743daf6f893598bbe3904ccc6462a9af361c93c8.html,https://www.regjeringen.no/no/dokumenter/horing-grunnrenteskatt-pa-havbruk/id2929159/?uid=4655b0e1-73ed-48e9-aebc-f7869e488dc6,1166,165
2023_econa_5ee12546-c98e-490d-b505-2525b531db51.txt,høringer/2023_econa_5ee12546-c98e-490d-b505-2525b531db51.txt,2023,Econa,5ee12546-c98e-490d-b505-2525b531db51,html,data/content/nasjonalbiblioteket-svar-horing-prop-78-2022-grunnrenteskatt-laks-manual-20260209222706-4c59c2e3-738-20260209222802945-1_0000039_sha256_3c01ed3f35b7ee4dd1172ba15bbdff49e9e6d3046b153732bb97890d32bf795b.html,https://www.regjeringen.no/no/dokumenter/horing-grunnrenteskatt-pa-havbruk/id2929159/?uid=5ee12546-c98e-490d-b505-2525b531db51,1282,183
2023_eigersund-kommune_88eefe1c-f0c6-4ce6-9d63-c7de0c2322a3.txt,høringer/2023_eigersund-kommune_88eefe1c-f0c6-4ce6-9d63-c7de0c2322a3.txt,2023,Eigersund kommune,88eefe1c-f0c6-4ce6-9d63-c7de0c2322a3,html,data/content/nasjonalbiblioteket-svar-horing-prop-78-2022-grunnrenteskatt-laks-manual-20260209222706-4c59c2e3-738-20260209222802380-0_0000032_sha256_6036d71e2eedfac7458df1ea2bbeacf7f5a447d2aebacaec3bbc6c003acbb70b.html,https://www.regjeringen.no/no/dokumenter/horing-grunnrenteskatt-pa-havbruk/id2929159/?uid=88eefe1c-f0c6-4ce6-9d63-c7de0c2322a3,4541,693
2023_eivind-riise_114f7676-f61d-4aff-a521-dc67e38dcd0a.txt,høringer/2023_eivind-riise_114f7676-f61d-4aff-a521-dc67e38dcd0a.txt,2023,Eivind Riise,114f7676-f61d-4aff-a521-dc67e38dcd0a,html,data/content/nasjonalbiblioteket-svar-horing-prop-78-2022-grunnrenteskatt-laks-manual-20260209222706-4c59c2e3-738-20260209222802380-0_0000031_sha256_62f3b7d00935c8f8ad30975bc9b297c982d66eab143312767633afc931f7f107.html,https://www.regjeringen.no/no/dokumenter/horing-grunnrenteskatt-pa-havbruk/id2929159/?uid=114f7676-f61d-4aff-a521-dc67e38dcd0a,3090,465
2023_eivind-riise_84421370-f44b-49eb-b8e2-6eb4147050f2.txt,høringer/2023_eivind-riise_84421370-f44b-49eb-b8e2-6eb4147050f2.txt,2023,Eivind Riise,84421370-f44b-49eb-b8e2-6eb4147050f2,html,data/content/nasjonalbiblioteket-svar-horing-prop-78-2022-grunnrenteskatt-laks-manual-20260209222706-4c59c2e3-738-20260209222802945-1_0000040_sha256_e7a3a782a2e8bdb05f61a0a165d31c101075cf716acb079b35f11ac64931843e.html,https://www.regjeringen.no/no/dokumenter/horing-grunnrenteskatt-pa-havbruk/id2929159/?uid=84421370-f44b-49eb-b8e2-6eb4147050f2,4687,782
2023_eivind-riise_9a428a2d-6313-4ae1-8eb0-ff81ae6f6dce.txt,høringer/2023_eivind-riise_9a428a2d-6313-4ae1-8eb0-ff81ae6f6dce.txt,2023,Eivind Riise,9a428a2d-6313-4ae1-8eb0-ff81ae6f6dce,html,data/content/nasjonalbiblioteket-svar-horing-prop-78-2022-grunnrenteskatt-laks-manual-20260209222706-4c59c2e3-738-20260209222802945-1_0000041_sha256_2251a95684a9522ec2567972c63c978daf45fea499e1aad7df05863eaa4e4f90.html,https://www.regjeringen.no/no/dokumenter/horing-grunnrenteskatt-pa-havbruk/id2929159/?uid=9a428a2d-6313-4ae1-8eb0-ff81ae6f6dce,2013,298
2023_eivind-riise_f4ac332f-c10f-45eb-b9f4-d650a6c5fffa.txt,høringer/2023_eivind-riise_f4ac332f-c10f-45eb-b9f4-d650a6c5fffa.txt,2023,Eivind Riise,f4ac332f-c10f-45eb-b9f4-d650a6c5fffa,html,data/content/nasjonalbiblioteket-svar-horing-prop-78-2022-grunnrenteskatt-laks-manual-20260209222706-4c59c2e3-738-20260209222802380-0_0000033_sha256_8ab9121404b47e9b3414c7452c0b6db1bd18614b91abd5ff0ddc87ac46a40ceb.html,https://www.regjeringen.no/no/dokumenter/horing-grunnrenteskatt-pa-havbruk/id2929159/?uid=f4ac332f-c10f-45eb-b9f4-d650a6c5fffa,2875,474
2023_endre-stavang-professor-uio_3cef161a-ba1f-4bcb-b822-08538a722c96.txt,høringer/2023_endre-stavang-professor-uio_3cef161a-ba1f-4bcb-b822-08538a722c96.txt,2023,"Endre Stavang, professor, UiO",3cef161a-ba1f-4bcb-b822-08538a722c96,html,data/content/nasjonalbiblioteket-svar-horing-prop-78-2022-grunnrenteskatt-laks-manual-20260209222706-4c59c2e3-738-20260209222802945-1_0000044_sha256_e959377e87c80356a3d823d5872e77d92fa37e125b55e9694a456079d1d3f3b2.html,https://www.regjeringen.no/no/dokumenter/horing-grunnrenteskatt-pa-havbruk/id2929159/?uid=3cef161a-ba1f-4bcb-b822-08538a722c96,5596,837
2023_energigass-norge_ad8877b8-7660-4495-b4c5-033f8d46c061.txt,høringer/2023_energigass-norge_ad8877b8-7660-4495-b4c5-033f8d46c061.txt,2023,Energigass Norge,ad8877b8-7660-4495-b4c5-033f8d46c061,html,data/content/nasjonalbiblioteket-svar-horing-prop-78-2022-grunnrenteskatt-laks-manual-20260209222706-4c59c2e3-738-20260209222802380-0_0000037_sha256_06c52f7ba85c65243bfa9ce0d2be881de816ac9bafaebe5f26fc356a331a93ef.html,https://www.regjeringen.no/no/dokumenter/horing-grunnrenteskatt-pa-havbruk/id2929159/?uid=ad8877b8-7660-4495-b4c5-033f8d46c061,4503,690
2023_erlend-bakke_57c35313-ca43-450d-a142-e7d55496de51.txt,høringer/2023_erlend-bakke_57c35313-ca43-450d-a142-e7d55496de51.txt,2023,Erlend Bakke,57c35313-ca43-450d-a142-e7d55496de51,html,data/content/nasjonalbiblioteket-svar-horing-prop-78-2022-grunnrenteskatt-laks-manual-20260209222706-4c59c2e3-738-20260209222802945-1_0000045_sha256_2a224995055f9b984e044c1530f30cacc35ad485550e5141f5c16174bb634670.html,https://www.regjeringen.no/no/dokumenter/horing-grunnrenteskatt-pa-havbruk/id2929159/?uid=57c35313-ca43-450d-a142-e7d55496de51,225,36
2023_family-business-norway_fa2cd270-4101-4ef9-bf5c-ebfb9050b490.txt,høringer/2023_family-business-norway_fa2cd270-4101-4ef9-bf5c-ebfb9050b490.txt,2023,Family Business Norway,fa2cd270-4101-4ef9-bf5c-ebfb9050b490,html,data/content/nasjonalbiblioteket-svar-horing-prop-78-2022-grunnrenteskatt-laks-manual-20260209222706-4c59c2e3-738-20260209222802945-1_0000046_sha256_e1c9e4964b560d79b1a27c91cedab761ca662ac2133fb55b61dbca5e739f63b4.html,https://www.regjeringen.no/no/dokumenter/horing-grunnrenteskatt-pa-havbruk/id2929159/?uid=fa2cd270-4101-4ef9-bf5c-ebfb9050b490,5982,877
2023_fauske-kommune_5701392c-c334-491b-bf94-6ca0f8eb111b.txt,høringer/2023_fauske-kommune_5701392c-c334-491b-bf94-6ca0f8eb111b.txt,2023,Fauske kommune,5701392c-c334-491b-bf94-6ca0f8eb111b,html,data/content/nasjonalbiblioteket-svar-horing-prop-78-2022-grunnrenteskatt-laks-manual-20260209222706-4c59c2e3-738-20260209222802380-0_0000036_sha256_4644d65503a0f933a325bed8fe137f5db399cb3584b2d8940f2eacfd7276e064.html,https://www.regjeringen.no/no/dokumenter/horing-grunnrenteskatt-pa-havbruk/id2929159/?uid=5701392c-c334-491b-bf94-6ca0f8eb111b,1010,141
2023_fiskeri-og-havbruksnringens-forskningsfinansiering-as_bab55fcf-30b3-4c77-bdc8-a5a559c5130c.txt,høringer/2023_fiskeri-og-havbruksnringens-forskningsfinansiering-as_bab55fcf-30b3-4c77-bdc8-a5a559c5130c.txt,2023,Fiskeri og havbruksnæringens Forskningsfinansiering AS,bab55fcf-30b3-4c77-bdc8-a5a559c5130c,html,data/content/nasjonalbiblioteket-svar-horing-prop-78-2022-grunnrenteskatt-laks-manual-20260209222706-4c59c2e3-738-20260209222802945-1_0000048_sha256_24547b9348f87129e65014c6fb6f3ba6172f213b6fb82b452f76a8a55c32c6a8.html,https://www.regjeringen.no/no/dokumenter/horing-grunnrenteskatt-pa-havbruk/id2929159/?uid=bab55fcf-30b3-4c77-bdc8-a5a559c5130c,2166,305
2023_fitjar-kommune_0be4433a-c20d-42a8-a550-017b7dfeb580.txt,høringer/2023_fitjar-kommune_0be4433a-c20d-42a8-a550-017b7dfeb580.txt,2023,Fitjar kommune,0be4433a-c20d-42a8-a550-017b7dfeb580,html,data/content/nasjonalbiblioteket-svar-horing-prop-78-2022-grunnrenteskatt-laks-manual-20260209222706-4c59c2e3-738-20260209222802380-0_0000045_sha256_a6f6de906445a006ea8a198b552baeddde7c6ac0b9925bb140a518cc6948ce19.html,https://www.regjeringen.no/no/dokumenter/horing-grunnrenteskatt-pa-havbruk/id2929159/?uid=0be4433a-c20d-42a8-a550-017b7dfeb580,1795,278
2023_fitjar-mekaniske-verksted-as_5876ae37-79f5-4f42-a2f7-5ba5edd6cd75.txt,høringer/2023_fitjar-mekaniske-verksted-as_5876ae37-79f5-4f42-a2f7-5ba5edd6cd75.txt,2023,Fitjar Mekaniske Verksted AS,5876ae37-79f5-4f42-a2f7-5ba5edd6cd75,html,data/content/nasjonalbiblioteket-svar-horing-prop-78-2022-grunnrenteskatt-laks-manual-20260209222706-4c59c2e3-738-20260209222802945-1_0000047_sha256_92f884b36280e4723032fb62dd4c06bc02b13435b49f045be30eed5c11192a6d.html,https://www.regjeringen.no/no/dokumenter/horing-grunnrenteskatt-pa-havbruk/id2929159/?uid=5876ae37-79f5-4f42-a2f7-5ba5edd6cd75,3647,530
2023_flatanger-kommune_a9833217-1f8f-4d06-979f-5ed157b8cfb9.txt,høringer/2023_flatanger-kommune_a9833217-1f8f-4d06-979f-5ed157b8cfb9.txt,2023,Flatanger kommune,a9833217-1f8f-4d06-979f-5ed157b8cfb9,html,data/content/nasjonalbiblioteket-svar-horing-prop-78-2022-grunnrenteskatt-laks-manual-20260209222706-4c59c2e3-738-20260209222802380-0_0000046_sha256_44ccc4fa5e5b4f2d21ca00c60151ba40a13735a7f2f8853c9fe91be613d7e0e5.html,https://www.regjeringen.no/no/dokumenter/horing-grunnrenteskatt-pa-havbruk/id2929159/?uid=a9833217-1f8f-4d06-979f-5ed157b8cfb9,6742,934
2023_flatanger-sv_18eb5f8c-ed7f-4225-9ecf-89178eedb734.txt,høringer/2023_flatanger-sv_18eb5f8c-ed7f-4225-9ecf-89178eedb734.txt,2023,Flatanger SV,18eb5f8c-ed7f-4225-9ecf-89178eedb734,html,data/content/nasjonalbiblioteket-svar-horing-prop-78-2022-grunnrenteskatt-laks-manual-20260209222706-4c59c2e3-738-20260209222802945-1_0000049_sha256_fd0bcd5c064ea50dcd71752f68e1a11b2ade22d3e75f4377d6eaac5ecea40d51.html,https://www.regjeringen.no/no/dokumenter/horing-grunnrenteskatt-pa-havbruk/id2929159/?uid=18eb5f8c-ed7f-4225-9ecf-89178eedb734,1493,205
2023_folla-elektro-as_19d0d61e-344c-42d8-b719-5fcd4145741b.txt,høringer/2023_folla-elektro-as_19d0d61e-344c-42d8-b719-5fcd4145741b.txt,2023,Folla Elektro AS,19d0d61e-344c-42d8-b719-5fcd4145741b,html,data/content/nasjonalbiblioteket-svar-horing-prop-78-2022-grunnrenteskatt-laks-manual-20260209222706-4c59c2e3-738-20260209222802380-0_0000054_sha256_a8a13dd7a17c28d6c8665071ba238bedfc63815a83b5ba26326c4ecf3bb8af73.html,https://www.regjeringen.no/no/dokumenter/horing-grunnrenteskatt-pa-havbruk/id2929159/?uid=19d0d61e-344c-42d8-b719-5fcd4145741b,3351,517
2023_framo-aquacultur_06955fd2-f024-4ada-b610-dad5c9c72abe.txt,høringer/2023_framo-aquacultur_06955fd2-f024-4ada-b610-dad5c9c72abe.txt,2023,Framo Aquacultur,06955fd2-f024-4ada-b610-dad5c9c72abe,html,data/content/nasjonalbiblioteket-svar-horing-prop-78-2022-grunnrenteskatt-laks-manual-20260209222706-4c59c2e3-738-20260209222802380-0_0000053_sha256_0fc10e79efacd2a20437689f71f4e7d3443c75a1bdca48186bb039aaf8020c3a.html,https://www.regjeringen.no/no/dokumenter/horing-grunnrenteskatt-pa-havbruk/id2929159/?uid=06955fd2-f024-4ada-b610-dad5c9c72abe,3048,456
2023_freddy-johansen_fe072aec-6544-4d68-b173-c6244f5b42a0.txt,høringer/2023_freddy-johansen_fe072aec-6544-4d68-b173-c6244f5b42a0.txt,2023,Freddy Johansen,fe072aec-6544-4d68-b173-c6244f5b42a0,html,data/content/nasjonalbiblioteket-svar-horing-prop-78-2022-grunnrenteskatt-laks-manual-20260209222706-4c59c2e3-738-20260209222802380-0_0000055_sha256_6dd433343954c8516a3bfc07997d143844c8e44e61689da6eb862ad5c8162e23.html,https://www.regjeringen.no/no/dokumenter/horing-grunnrenteskatt-pa-havbruk/id2929159/?uid=fe072aec-6544-4d68-b173-c6244f5b42a0,392,58
2023_frya-idrettslag_e01ab46a-b111-4cdb-b5c6-17fc10c1f738.txt,høringer/2023_frya-idrettslag_e01ab46a-b111-4cdb-b5c6-17fc10c1f738.txt,2023,Frøya Idrettslag,e01ab46a-b111-4cdb-b5c6-17fc10c1f738,html,data/content/nasjonalbiblioteket-svar-horing-prop-78-2022-grunnrenteskatt-laks-manual-20260209222706-4c59c2e3-738-20260209222802945-1_0000050_sha256_2e5463df647ff4087b507ed0edc112ce1488ed6939546caa1b79578a69a26c38.html,https://www.regjeringen.no/no/dokumenter/horing-grunnrenteskatt-pa-havbruk/id2929159/?uid=e01ab46a-b111-4cdb-b5c6-17fc10c1f738,3658,590
2023_geir-inge-rdseth_6cf5f1c0-3820-49c4-b36e-291c927ebe6a.txt,høringer/2023_geir-inge-rdseth_6cf5f1c0-3820-49c4-b36e-291c927ebe6a.txt,2023,Geir Inge Rødseth,6cf5f1c0-3820-49c4-b36e-291c927ebe6a,html,data/content/nasjonalbiblioteket-svar-horing-prop-78-2022-grunnrenteskatt-laks-manual-20260209222706-4c59c2e3-738-20260209222802380-0_0000059_sha256_7fa21378bcd990ec2dcfa0a6f70169edd9c0b6abcec585a6e0edf54f49025f9e.html,https://www.regjeringen.no/no/dokumenter/horing-grunnrenteskatt-pa-havbruk/id2929159/?uid=6cf5f1c0-3820-49c4-b36e-291c927ebe6a,3147,495
2023_giske-kommune-v-formannskapet_1d61dfb4-3d40-4573-8ba5-36b5598da91a.txt,høringer/2023_giske-kommune-v-formannskapet_1d61dfb4-3d40-4573-8ba5-36b5598da91a.txt,2023,Giske kommune v. formannskapet,1d61dfb4-3d40-4573-8ba5-36b5598da91a,html,data/content/nasjonalbiblioteket-svar-horing-prop-78-2022-grunnrenteskatt-laks-manual-20260209222706-4c59c2e3-738-20260209222802380-0_0000058_sha256_c691acae360fd2d20ef70357be1621accb5d3c8c085feab65908509be2db70b4.html,https://www.regjeringen.no/no/dokumenter/horing-grunnrenteskatt-pa-havbruk/id2929159/?uid=1d61dfb4-3d40-4573-8ba5-36b5598da91a,1948,302
2023_gossen-idrettslag_288a6ce5-400d-4110-bb81-c8271cab5274.txt,høringer/2023_gossen-idrettslag_288a6ce5-400d-4110-bb81-c8271cab5274.txt,2023,Gossen Idrettslag,288a6ce5-400d-4110-bb81-c8271cab5274,html,data/content/nasjonalbiblioteket-svar-horing-prop-78-2022-grunnrenteskatt-laks-manual-20260209222706-4c59c2e3-738-20260209222802945-1_0000055_sha256_af6f5266128a68b12494485833b555a8898abfdcc4c67cdb693d9a53dfa8eb12.html,https://www.regjeringen.no/no/dokumenter/horing-grunnrenteskatt-pa-havbruk/id2929159/?uid=288a6ce5-400d-4110-bb81-c8271cab5274,1695,290
2023_gratangen-kommune_ef8cafe3-9ec9-42ea-a94a-4a6bf5f5090c.txt,høringer/2023_gratangen-kommune_ef8cafe3-9ec9-42ea-a94a-4a6bf5f5090c.txt,2023,Gratangen kommune,ef8cafe3-9ec9-42ea-a94a-4a6bf5f5090c,html,data/content/nasjonalbiblioteket-svar-horing-prop-78-2022-grunnrenteskatt-laks-manual-20260209222706-4c59c2e3-738-20260209222802945-1_0000058_sha256_cfeb7b57fdd35b29e3f896824a8957e8577f8d8128b5e0278a4a0570e4b92c91.html,https://www.regjeringen.no/no/dokumenter/horing-grunnrenteskatt-pa-havbruk/id2929159/?uid=ef8cafe3-9ec9-42ea-a94a-4a6bf5f5090c,7703,1115
2023_grieg-seafood-asa_f0e0baf4-df67-4a5a-adac-b6859fae1b1f.txt,høringer/2023_grieg-seafood-asa_f0e0baf4-df67-4a5a-adac-b6859fae1b1f.txt,2023,Grieg Seafood ASA,f0e0baf4-df67-4a5a-adac-b6859fae1b1f,html,data/content/nasjonalbiblioteket-svar-horing-prop-78-2022-grunnrenteskatt-laks-manual-20260209222706-4c59c2e3-738-20260209222802380-0_0000061_sha256_385f0b2a32b6bb5297c29f95af246bffc210a7cc0995528825baa5392cc95447.html,https://www.regjeringen.no/no/dokumenter/horing-grunnrenteskatt-pa-havbruk/id2929159/?uid=f0e0baf4-df67-4a5a-adac-b6859fae1b1f,5716,869
2023_gsg-as-org-nr-914163226_5a1eb63f-7452-4182-b4c8-0c5680e18469.txt,høringer/2023_gsg-as-org-nr-914163226_5a1eb63f-7452-4182-b4c8-0c5680e18469.txt,2023,GSG AS Org nr 914163226,5a1eb63f-7452-4182-b4c8-0c5680e18469,html,data/content/nasjonalbiblioteket-svar-horing-prop-78-2022-grunnrenteskatt-laks-manual-20260209222706-4c59c2e3-738-20260209222802945-1_0000056_sha256_e5a6e1f86162feaf0ae4403b2eef64714837eb534a65826b29453f2b3fb75e0b.html,https://www.regjeringen.no/no/dokumenter/horing-grunnrenteskatt-pa-havbruk/id2929159/?uid=5a1eb63f-7452-4182-b4c8-0c5680e18469,6064,1006
2023_gudbrand-stenersen_d164980d-3d1e-43cb-b4e8-00f244ee0bdc.txt,høringer/2023_gudbrand-stenersen_d164980d-3d1e-43cb-b4e8-00f244ee0bdc.txt,2023,Gudbrand Stenersen,d164980d-3d1e-43cb-b4e8-00f244ee0bdc,html,data/content/nasjonalbiblioteket-svar-horing-prop-78-2022-grunnrenteskatt-laks-manual-20260209222706-4c59c2e3-738-20260209222802380-0_0000060_sha256_9ce3398b91003675b322d61e8d464c6aa9a05def0ce4a25164738a1e6d849402.html,https://www.regjeringen.no/no/dokumenter/horing-grunnrenteskatt-pa-havbruk/id2929159/?uid=d164980d-3d1e-43cb-b4e8-00f244ee0bdc,366,58
2023_gulen-kommune_7323ba05-a748-4fab-a9f4-0d3be0d0a897.txt,høringer/2023_gulen-kommune_7323ba05-a748-4fab-a9f4-0d3be0d0a897.txt,2023,Gulen kommune,7323ba05-a748-4fab-a9f4-0d3be0d0a897,html,data/content/nasjonalbiblioteket-svar-horing-prop-78-2022-grunnrenteskatt-laks-manual-20260209222706-4c59c2e3-738-20260209222802945-1_0000057_sha256_8d56eb5805ea36290c38e2147eba271264af1cdca80fdb17349b2f24a4b4539b.html,https://www.regjeringen.no/no/dokumenter/horing-grunnrenteskatt-pa-havbruk/id2929159/?uid=7323ba05-a748-4fab-a9f4-0d3be0d0a897,1381,195
2023_gulen-og-masfjorden-utvikling-as_18ee0139-0254-4505-9948-2d250f344c07.txt,høringer/2023_gulen-og-masfjorden-utvikling-as_18ee0139-0254-4505-9948-2d250f344c07.txt,2023,Gulen og Masfjorden Utvikling as,18ee0139-0254-4505-9948-2d250f344c07,html,data/content/nasjonalbiblioteket-svar-horing-prop-78-2022-grunnrenteskatt-laks-manual-20260209222706-4c59c2e3-738-20260209222802945-1_0000061_sha256_ae4a09cf3e5d6d41bc2b191f57d79e90dda8c93b9b1613ce079d867c97cf7efc.html,https://www.regjeringen.no/no/dokumenter/horing-grunnrenteskatt-pa-havbruk/id2929159/?uid=18ee0139-0254-4505-9948-2d250f344c07,4329,658
2023_halogalandsradet-ipr_ab59fe29-7b2f-405a-bd3c-1461da0b029a.txt,høringer/2023_halogalandsradet-ipr_ab59fe29-7b2f-405a-bd3c-1461da0b029a.txt,2023,Hålogalandsrådet IPR,ab59fe29-7b2f-405a-bd3c-1461da0b029a,html,data/content/nasjonalbiblioteket-svar-horing-prop-78-2022-grunnrenteskatt-laks-manual-20260209222706-4c59c2e3-738-20260209222802380-0_0000076_sha256_bcbb2abd8fab5a1c1f3221b6f2da90e338d6ed7546f6377b7bbf8618cbfef610.html,https://www.regjeringen.no/no/dokumenter/horing-grunnrenteskatt-pa-havbruk/id2929159/?uid=ab59fe29-7b2f-405a-bd3c-1461da0b029a,5567,783
2023_hammerfest-kommune_1bf82e9a-2a9d-48d5-b842-5c87214b3048.txt,høringer/2023_hammerfest-kommune_1bf82e9a-2a9d-48d5-b842-5c87214b3048.txt,2023,Hammerfest kommune,1bf82e9a-2a9d-48d5-b842-5c87214b3048,html,data/content/nasjonalbiblioteket-svar-horing-prop-78-2022-grunnrenteskatt-laks-manual-20260209222706-4c59c2e3-738-20260209222802945-1_0000062_sha256_904a05ea55dc1186b0ff87334b397a378abe4b824361b77ec2392765642fcc82.html,https://www.regjeringen.no/no/dokumenter/horing-grunnrenteskatt-pa-havbruk/id2929159/?uid=1bf82e9a-2a9d-48d5-b842-5c87214b3048,945,130
2023_hareid-nringsforum-og-rsta-nringskontor_2218ab46-f1b0-41e5-aaca-cbfba643a2b9.txt,høringer/2023_hareid-nringsforum-og-rsta-nringskontor_2218ab46-f1b0-41e5-aaca-cbfba643a2b9.txt,2023,Hareid Næringsforum og Ørsta Næringskontor,2218ab46-f1b0-41e5-aaca-cbfba643a2b9,html,data/content/nasjonalbiblioteket-svar-horing-prop-78-2022-grunnrenteskatt-laks-manual-20260209222706-4c59c2e3-738-20260209222802380-0_0000065_sha256_1aab3722c95c3ea95b1c5d4e57d5e6cbdfcfec473dbd89d8244934e25d1903ca.html,https://www.regjeringen.no/no/dokumenter/horing-grunnrenteskatt-pa-havbruk/id2929159/?uid=2218ab46-f1b0-41e5-aaca-cbfba643a2b9,5918,855
2023_hasvik-kommune_d5b1310c-da08-44e3-94a7-047b22211ea7.txt,høringer/2023_hasvik-kommune_d5b1310c-da08-44e3-94a7-047b22211ea7.txt,2023,Hasvik kommune,d5b1310c-da08-44e3-94a7-047b22211ea7,html,data/content/nasjonalbiblioteket-svar-horing-prop-78-2022-grunnrenteskatt-laks-manual-20260209222706-4c59c2e3-738-20260209222802380-0_0000066_sha256_36657300f295f94a80b6b029d58f7ccfc185f5dad48bab7a7dbb0bb15a5d141f.html,https://www.regjeringen.no/no/dokumenter/horing-grunnrenteskatt-pa-havbruk/id2929159/?uid=d5b1310c-da08-44e3-94a7-047b22211ea7,4062,590
2023_havard-skibenes_68eb3221-6ba7-41bd-a7f3-079e37cbfdb1.txt,høringer/2023_havard-skibenes_68eb3221-6ba7-41bd-a7f3-079e37cbfdb1.txt,2023,Håvard Skibenes,68eb3221-6ba7-41bd-a7f3-079e37cbfdb1,html,data/content/nasjonalbiblioteket-svar-horing-prop-78-2022-grunnrenteskatt-laks-manual-20260209222706-4c59c2e3-738-20260209222802945-1_0000073_sha256_3477f4105f392a65d9c41dcb6366273688e4df5e45f6d94e76996fecdaf3e997.html,https://www.regjeringen.no/no/dokumenter/horing-grunnrenteskatt-pa-havbruk/id2929159/?uid=68eb3221-6ba7-41bd-a7f3-079e37cbfdb1,14820,2335
2023_havrn-sjmat-as_1b56f05e-4533-4fc2-aefe-a51052ee45a2.txt,høringer/2023_havrn-sjmat-as_1b56f05e-4533-4fc2-aefe-a51052ee45a2.txt,2023,Havørn Sjømat AS,1b56f05e-4533-4fc2-aefe-a51052ee45a2,html,data/content/nasjonalbiblioteket-svar-horing-prop-78-2022-grunnrenteskatt-laks-manual-20260209222706-4c59c2e3-738-20260209222802380-0_0000064_sha256_e3e461cfdfe3c82e22cc7e8afaea100dd053a1f05a94a7aae22193df355edd65.html,https://www.regjeringen.no/no/dokumenter/horing-grunnrenteskatt-pa-havbruk/id2929159/?uid=1b56f05e-4533-4fc2-aefe-a51052ee45a2,2504,358
2023_hery-kommune_74f5e2fb-adbf-4767-b8d1-5786b5bcb87b.txt,høringer/2023_hery-kommune_74f5e2fb-adbf-4767-b8d1-5786b5bcb87b.txt,2023,Herøy kommune,74f5e2fb-adbf-4767-b8d1-5786b5bcb87b,html,data/content/nasjonalbiblioteket-svar-horing-prop-78-2022-grunnrenteskatt-laks-manual-20260209222706-4c59c2e3-738-20260209222802945-1_0000063_sha256_cff352152fbeac65f4a97fa2d3e0ce48f4ee47fa9284bb4daac230e4a1ffe14b.html,https://www.regjeringen.no/no/dokumenter/horing-grunnrenteskatt-pa-havbruk/id2929159/?uid=74f5e2fb-adbf-4767-b8d1-5786b5bcb87b,10610,1574
2023_hia-gruppen-havbrukerne-i-astafjorden_4f544886-2fa2-47a8-91d9-7cf66c5279c3.txt,høringer/2023_hia-gruppen-havbrukerne-i-astafjorden_4f544886-2fa2-47a8-91d9-7cf66c5279c3.txt,2023,HiA Gruppen (Havbrukerne i Astafjorden),4f544886-2fa2-47a8-91d9-7cf66c5279c3,html,data/content/nasjonalbiblioteket-svar-horing-prop-78-2022-grunnrenteskatt-laks-manual-20260209222706-4c59c2e3-738-20260209222802380-0_0000070_sha256_e0528a2f28195390f17015b32c7e1c948ddd37138f13a362a953e2b3e35a952a.html,https://www.regjeringen.no/no/dokumenter/horing-grunnrenteskatt-pa-havbruk/id2929159/?uid=4f544886-2fa2-47a8-91d9-7cf66c5279c3,2037,311
2023_hitra-kommune_bd9521f2-5d38-41b1-92d4-1153fb5027af.txt,høringer/2023_hitra-kommune_bd9521f2-5d38-41b1-92d4-1153fb5027af.txt,2023,Hitra kommune,bd9521f2-5d38-41b1-92d4-1153fb5027af,html,data/content/nasjonalbiblioteket-svar-horing-prop-78-2022-grunnrenteskatt-laks-manual-20260209222706-4c59c2e3-738-20260209222802945-1_0000068_sha256_797c747b13ec6784476f8d59b76668e399a7cadd26c8f2e31ad124a2d7a53792.html,https://www.regjeringen.no/no/dokumenter/horing-grunnrenteskatt-pa-havbruk/id2929159/?uid=bd9521f2-5d38-41b1-92d4-1153fb5027af,1393,203
2023_hjelmeland-kommune_d200d573-9cfe-4fa7-adc4-9219c3fcd572.txt,høringer/2023_hjelmeland-kommune_d200d573-9cfe-4fa7-adc4-9219c3fcd572.txt,2023,Hjelmeland kommune,d200d573-9cfe-4fa7-adc4-9219c3fcd572,html,data/content/nasjonalbiblioteket-svar-horing-prop-78-2022-grunnrenteskatt-laks-manual-20260209222706-4c59c2e3-738-20260209222802380-0_0000071_sha256_788e96c827827f807752b7aced301db8d5f863f81d04a758c9d484df58add5f8.html,https://www.regjeringen.no/no/dokumenter/horing-grunnrenteskatt-pa-havbruk/id2929159/?uid=d200d573-9cfe-4fa7-adc4-9219c3fcd572,2954,425
2023_hringsinstansen_25819b50-57dd-467f-807b-3c37cd0f4a76.txt,høringer/2023_hringsinstansen_25819b50-57dd-467f-807b-3c37cd0f4a76.txt,2023,Høringsinstansen,25819b50-57dd-467f-807b-3c37cd0f4a76,html,data/content/nasjonalbiblioteket-svar-horing-prop-78-2022-grunnrenteskatt-laks-manual-20260209222706-4c59c2e3-738-20260209222802945-1_0000067_sha256_8c67c121c37a59220de1359c7896b583d1dc2d5de4d446f0b59a871872487f13.html,https://www.regjeringen.no/no/dokumenter/horing-grunnrenteskatt-pa-havbruk/id2929159/?uid=25819b50-57dd-467f-807b-3c37cd0f4a76,940,129
2023_hussain-rafiq-iqbal-javed_e9bc7694-9fe7-4fa7-b48d-ae59ae6dfe01.txt,høringer/2023_hussain-rafiq-iqbal-javed_e9bc7694-9fe7-4fa7-b48d-ae59ae6dfe01.txt,2023,Hussain Rafiq Iqbal Javed,e9bc7694-9fe7-4fa7-b48d-ae59ae6dfe01,html,data/content/nasjonalbiblioteket-svar-horing-prop-78-2022-grunnrenteskatt-laks-manual-20260209222706-4c59c2e3-738-20260209222802945-1_0000069_sha256_0523c88c2806d5a78f21d0c91407fc523ae4305b27bef35e98378ca55e6605e1.html,https://www.regjeringen.no/no/dokumenter/horing-grunnrenteskatt-pa-havbruk/id2929159/?uid=e9bc7694-9fe7-4fa7-b48d-ae59ae6dfe01,407,69
2023_hustadvika-arbeiderparti_4c9bf05c-684d-4928-ac9d-c63b26a95fba.txt,høringer/2023_hustadvika-arbeiderparti_4c9bf05c-684d-4928-ac9d-c63b26a95fba.txt,2023,Hustadvika Arbeiderparti,4c9bf05c-684d-4928-ac9d-c63b26a95fba,html,data/content/nasjonalbiblioteket-svar-horing-prop-78-2022-grunnrenteskatt-laks-manual-20260209222706-4c59c2e3-738-20260209222802380-0_0000069_sha256_1da5d83d76f14ff2393ac9a8566b9aa631c34c5ef60593c0521b3c627fb673be.html,https://www.regjeringen.no/no/dokumenter/horing-grunnrenteskatt-pa-havbruk/id2929159/?uid=4c9bf05c-684d-4928-ac9d-c63b26a95fba,1638,238
2023_ida-knutsen_944e3ad0-3b37-4d6d-9f7c-f1afb59fe52e.txt,høringer/2023_ida-knutsen_944e3ad0-3b37-4d6d-9f7c-f1afb59fe52e.txt,2023,Ida Knutsen,944e3ad0-3b37-4d6d-9f7c-f1afb59fe52e,html,data/content/nasjonalbiblioteket-svar-horing-prop-78-2022-grunnrenteskatt-laks-manual-20260209222706-4c59c2e3-738-20260209222802945-1_0000074_sha256_cab842b56394f8053476e11f3b5a96383cbde2ee40df27fabdb8ebb6b08f83a2.html,https://www.regjeringen.no/no/dokumenter/horing-grunnrenteskatt-pa-havbruk/id2929159/?uid=944e3ad0-3b37-4d6d-9f7c-f1afb59fe52e,5292,922
2023_indre-helgeland-regionrad-og-helgelandsradet_cb8dbf9e-5b55-4454-9f93-41e428892d01.txt,høringer/2023_indre-helgeland-regionrad-og-helgelandsradet_cb8dbf9e-5b55-4454-9f93-41e428892d01.txt,2023,Indre Helgeland Regionråd og Helgelandsrådet,cb8dbf9e-5b55-4454-9f93-41e428892d01,html,data/content/nasjonalbiblioteket-svar-horing-prop-78-2022-grunnrenteskatt-laks-manual-20260209222706-4c59c2e3-738-20260209222802380-0_0000077_sha256_8adb61fbd9d1435b0ad02c09cec2192deb840ba75d9b3dd6a238a5d0d21dc319.html,https://www.regjeringen.no/no/dokumenter/horing-grunnrenteskatt-pa-havbruk/id2929159/?uid=cb8dbf9e-5b55-4454-9f93-41e428892d01,5278,795
2023_insula-as_0caf528a-1777-46a5-964b-7a0e22212f45.txt,høringer/2023_insula-as_0caf528a-1777-46a5-964b-7a0e22212f45.txt,2023,Insula AS,0caf528a-1777-46a5-964b-7a0e22212f45,html,data/content/nasjonalbiblioteket-svar-horing-prop-78-2022-grunnrenteskatt-laks-manual-20260209222706-4c59c2e3-738-20260209222802380-0_0000074_sha256_94171cde85976888caf9eeb967108ee75072e076bed5d845694de45440b9c827.html,https://www.regjeringen.no/no/dokumenter/horing-grunnrenteskatt-pa-havbruk/id2929159/?uid=0caf528a-1777-46a5-964b-7a0e22212f45,25873,3823
2023_jrgen-christiansen_b27bc376-f08b-44b5-ba8b-17f884f627e4.txt,høringer/2023_jrgen-christiansen_b27bc376-f08b-44b5-ba8b-17f884f627e4.txt,2023,Jørgen Christiansen,b27bc376-f08b-44b5-ba8b-17f884f627e4,html,data/content/nasjonalbiblioteket-svar-horing-prop-78-2022-grunnrenteskatt-laks-manual-20260209222706-4c59c2e3-738-20260209222802945-1_0000075_sha256_eee143cec59bbc03d8a2406c038a8ae3f24b9c3841fc8bd7a3f92dea17b0ed4b.html,https://www.regjeringen.no/no/dokumenter/horing-grunnrenteskatt-pa-havbruk/id2929159/?uid=b27bc376-f08b-44b5-ba8b-17f884f627e4,4136,657
2023_jrgen-jakobsen_3d5b5d46-f1ce-482d-957d-1f185a959c9e.txt,høringer/2023_jrgen-jakobsen_3d5b5d46-f1ce-482d-957d-1f185a959c9e.txt,2023,Jørgen Jakobsen,3d5b5d46-f1ce-482d-957d-1f185a959c9e,html,data/content/nasjonalbiblioteket-svar-horing-prop-78-2022-grunnrenteskatt-laks-manual-20260209222706-4c59c2e3-738-20260209222802945-1_0000072_sha256_26083b505d0ad29f463f32d9c88c0c3de6b86ac4c06eb1ddbd56751fa68318ad.html,https://www.regjeringen.no/no/dokumenter/horing-grunnrenteskatt-pa-havbruk/id2929159/?uid=3d5b5d46-f1ce-482d-957d-1f185a959c9e,2770,443
2023_jrn-age-solhaug_8620448f-b71d-498b-b51c-b8f01c5a68ea.txt,høringer/2023_jrn-age-solhaug_8620448f-b71d-498b-b51c-b8f01c5a68ea.txt,2023,Jørn-Åge Solhaug,8620448f-b71d-498b-b51c-b8f01c5a68ea,html,data/content/nasjonalbiblioteket-svar-horing-prop-78-2022-grunnrenteskatt-laks-manual-20260209222706-4c59c2e3-738-20260209222802380-0_0000079_sha256_1e14177f896342ee87c848149e61b1fd8f987946be23fdd92f23ce5eb7ef58e1.html,https://www.regjeringen.no/no/dokumenter/horing-grunnrenteskatt-pa-havbruk/id2929159/?uid=8620448f-b71d-498b-b51c-b8f01c5a68ea,201,32
2023_justis-og-beredskapsdepartementet-uten-merknader_61a1f485-7c36-4ce5-98a6-86d90c9adeea.txt,høringer/2023_justis-og-beredskapsdepartementet-uten-merknader_61a1f485-7c36-4ce5-98a6-86d90c9adeea.txt,2023,Justis- og beredskapsdepartementet (uten merknader),61a1f485-7c36-4ce5-98a6-86d90c9adeea,html,data/content/nasjonalbiblioteket-svar-horing-prop-78-2022-grunnrenteskatt-laks-manual-20260209222706-4c59c2e3-738-20260209222802380-0_0000075_sha256_c12ce54b13e8c092ac7aa66f21effc4e07255bcf6956f27ad6c46b60eb7f0593.html,https://www.regjeringen.no/no/dokumenter/horing-grunnrenteskatt-pa-havbruk/id2929159/?uid=61a1f485-7c36-4ce5-98a6-86d90c9adeea,68,9
2023_kjartan-karlsen_c250e0af-3ed9-4669-afd7-d5df4c9ea774.txt,høringer/2023_kjartan-karlsen_c250e0af-3ed9-4669-afd7-d5df4c9ea774.txt,2023,Kjartan Karlsen,c250e0af-3ed9-4669-afd7-d5df4c9ea774,html,data/content/nasjonalbiblioteket-svar-horing-prop-78-2022-grunnrenteskatt-laks-manual-20260209222706-4c59c2e3-738-20260209222802380-0_0000080_sha256_e663588057ab23cb92d25295075970c4d0fbc1aa0a157682ee41f6f30946e7b9.html,https://www.regjeringen.no/no/dokumenter/horing-grunnrenteskatt-pa-havbruk/id2929159/?uid=c250e0af-3ed9-4669-afd7-d5df4c9ea774,1633,241
2023_kn-entreprenr-as_2da30420-8ce0-4fbe-9045-6153cdf8f33b.txt,høringer/2023_kn-entreprenr-as_2da30420-8ce0-4fbe-9045-6153cdf8f33b.txt,2023,KN Entreprenør AS,2da30420-8ce0-4fbe-9045-6153cdf8f33b,html,data/content/nasjonalbiblioteket-svar-horing-prop-78-2022-grunnrenteskatt-laks-manual-20260209222706-4c59c2e3-738-20260209222802945-1_0000078_sha256_671a0aeb8e8aa87ce8dfcb9d721e968c7d15f540f252cda61f4db86921a4c314.html,https://www.regjeringen.no/no/dokumenter/horing-grunnrenteskatt-pa-havbruk/id2929159/?uid=2da30420-8ce0-4fbe-9045-6153cdf8f33b,2643,393
2023_knive-laks-vard-as_047d2c02-47ea-4982-8951-091a498b7043.txt,høringer/2023_knive-laks-vard-as_047d2c02-47ea-4982-8951-091a498b7043.txt,2023,Knive Laks Vardø AS,047d2c02-47ea-4982-8951-091a498b7043,html,data/content/nasjonalbiblioteket-svar-horing-prop-78-2022-grunnrenteskatt-laks-manual-20260209222706-4c59c2e3-738-20260209222802380-0_0000078_sha256_4ed2826c9e3761a9845e43e96aed00599c22576e3b5adc1bdddd5f3ded614ca1.html,https://www.regjeringen.no/no/dokumenter/horing-grunnrenteskatt-pa-havbruk/id2929159/?uid=047d2c02-47ea-4982-8951-091a498b7043,5075,743
2023_kobberlpet_bdb75559-81ea-47d2-87de-58bc2a802b86.txt,høringer/2023_kobberlpet_bdb75559-81ea-47d2-87de-58bc2a802b86.txt,2023,Kobberløpet,bdb75559-81ea-47d2-87de-58bc2a802b86,html,data/content/nasjonalbiblioteket-svar-horing-prop-78-2022-grunnrenteskatt-laks-manual-20260209222706-4c59c2e3-738-20260209222802945-1_0000079_sha256_55d22732acb05084d2fceee6765a78bb59c59c2c9b75620c57472ecfca3a00ca.html,https://www.regjeringen.no/no/dokumenter/horing-grunnrenteskatt-pa-havbruk/id2929159/?uid=bdb75559-81ea-47d2-87de-58bc2a802b86,1239,213
2023_kristiansund-og-nordmre-nringsforum_9f388cdd-a413-470c-8126-67899e3870ea.txt,høringer/2023_kristiansund-og-nordmre-nringsforum_9f388cdd-a413-470c-8126-67899e3870ea.txt,2023,Kristiansund og Nordmøre Næringsforum,9f388cdd-a413-470c-8126-67899e3870ea,html,data/content/nasjonalbiblioteket-svar-horing-prop-78-2022-grunnrenteskatt-laks-manual-20260209222706-4c59c2e3-738-20260209222802945-1_0000086_sha256_c24fdb8eb05abda4d2198dc537f76b3bf2956b86ae73db12ebab89112d2a862e.html,https://www.regjeringen.no/no/dokumenter/horing-grunnrenteskatt-pa-havbruk/id2929159/?uid=9f388cdd-a413-470c-8126-67899e3870ea,5917,836
2023_kvinnherad-nringsservice_12aeb9d7-e5fc-4144-842b-429111b533c1.txt,høringer/2023_kvinnherad-nringsservice_12aeb9d7-e5fc-4144-842b-429111b533c1.txt,2023,Kvinnherad Næringsservice,12aeb9d7-e5fc-4144-842b-429111b533c1,html,data/content/nasjonalbiblioteket-svar-horing-prop-78-2022-grunnrenteskatt-laks-manual-20260209222706-4c59c2e3-738-20260209222802380-0_0000087_sha256_ca048f9f2a561b4af78e53a0dbbcf0abbdf34266ed861185df6f7dd5b4d49079.html,https://www.regjeringen.no/no/dokumenter/horing-grunnrenteskatt-pa-havbruk/id2929159/?uid=12aeb9d7-e5fc-4144-842b-429111b533c1,1888,267
2023_kvitsy-kommune_28eb6e08-359e-4ea2-85a9-9784e685f3b4.txt,høringer/2023_kvitsy-kommune_28eb6e08-359e-4ea2-85a9-9784e685f3b4.txt,2023,Kvitsøy kommune,28eb6e08-359e-4ea2-85a9-9784e685f3b4,html,data/content/nasjonalbiblioteket-svar-horing-prop-78-2022-grunnrenteskatt-laks-manual-20260209222706-4c59c2e3-738-20260209222802945-1_0000093_sha256_3e3219eb2d34d88c1b9e6262cfd9930eaf0c91ad4147ff14c2d6c39d0895ab56.html,https://www.regjeringen.no/no/dokumenter/horing-grunnrenteskatt-pa-havbruk/id2929159/?uid=28eb6e08-359e-4ea2-85a9-9784e685f3b4,2302,369
2023_lebesby-kommune_d0543571-d60f-4827-8dc5-32e2fa1d3053.txt,høringer/2023_lebesby-kommune_d0543571-d60f-4827-8dc5-32e2fa1d3053.txt,2023,Lebesby kommune,d0543571-d60f-4827-8dc5-32e2fa1d3053,html,data/content/nasjonalbiblioteket-svar-horing-prop-78-2022-grunnrenteskatt-laks-manual-20260209222706-4c59c2e3-738-20260209222802945-1_0000094_sha256_bc0ccb64ea12333aadeb325b4dc077e88a1de2247bacce85c8e3018a4d725216.html,https://www.regjeringen.no/no/dokumenter/horing-grunnrenteskatt-pa-havbruk/id2929159/?uid=d0543571-d60f-4827-8dc5-32e2fa1d3053,2369,355
2023_leka-kommune_52fd0070-b1e1-47fd-bd07-ab434ef68d78.txt,høringer/2023_leka-kommune_52fd0070-b1e1-47fd-bd07-ab434ef68d78.txt,2023,Leka kommune,52fd0070-b1e1-47fd-bd07-ab434ef68d78,html,data/content/nasjonalbiblioteket-svar-horing-prop-78-2022-grunnrenteskatt-laks-manual-20260209222706-4c59c2e3-738-20260209222802380-0_0000088_sha256_1fd1de68734f29fe5c287e6419753372f586568ffced281df7144ac2c6ebe5f4.html,https://www.regjeringen.no/no/dokumenter/horing-grunnrenteskatt-pa-havbruk/id2929159/?uid=52fd0070-b1e1-47fd-bd07-ab434ef68d78,3416,478
2023_lnnum-bygg-as_5afab349-afee-45f1-a6a7-fddd8e347cc6.txt,høringer/2023_lnnum-bygg-as_5afab349-afee-45f1-a6a7-fddd8e347cc6.txt,2023,Lønnum Bygg as,5afab349-afee-45f1-a6a7-fddd8e347cc6,html,data/content/nasjonalbiblioteket-svar-horing-prop-78-2022-grunnrenteskatt-laks-manual-20260209222706-4c59c2e3-738-20260209222802380-0_0000094_sha256_7678fae6b1cacfab4c559575b2521bfe99bf9c3155caca8d0360fe33bcb9bc34.html,https://www.regjeringen.no/no/dokumenter/horing-grunnrenteskatt-pa-havbruk/id2929159/?uid=5afab349-afee-45f1-a6a7-fddd8e347cc6,2331,421
2023_lofotradet-ikp_e2b50f21-597c-4668-a0ae-b3ab68f333e9.txt,høringer/2023_lofotradet-ikp_e2b50f21-597c-4668-a0ae-b3ab68f333e9.txt,2023,Lofotrådet IKP,e2b50f21-597c-4668-a0ae-b3ab68f333e9,html,data/content/nasjonalbiblioteket-svar-horing-prop-78-2022-grunnrenteskatt-laks-manual-20260209222706-4c59c2e3-738-20260209222802945-1_0000100_sha256_f1b9a9efc3d4bbf5a86cce855b98c82a506ca7bd43f2e70c10546fdddfa7ff3f.html,https://www.regjeringen.no/no/dokumenter/horing-grunnrenteskatt-pa-havbruk/id2929159/?uid=e2b50f21-597c-4668-a0ae-b3ab68f333e9,1069,143
2023_lokallaget-i-austevoll-for-industri-og-nringspartiet-inp_a6b6dfc8-77ae-4fae-bc1a-551f05a5afb1.txt,høringer/2023_lokallaget-i-austevoll-for-industri-og-nringspartiet-inp_a6b6dfc8-77ae-4fae-bc1a-551f05a5afb1.txt,2023,Lokallaget i Austevoll for Industri og Næringspartiet (INP),a6b6dfc8-77ae-4fae-bc1a-551f05a5afb1,html,data/content/nasjonalbiblioteket-svar-horing-prop-78-2022-grunnrenteskatt-laks-manual-20260209222706-4c59c2e3-738-20260209222802945-1_0000099_sha256_36ab24ff39aab95b15a4f5fe7fcd3a453067ebe9ff3219c581583f5ba352bdc7.html,https://www.regjeringen.no/no/dokumenter/horing-grunnrenteskatt-pa-havbruk/id2929159/?uid=a6b6dfc8-77ae-4fae-bc1a-551f05a5afb1,4723,748
2023_loppa-kommune_2f1746a5-3b92-443d-91da-d4f4642dee7c.txt,høringer/2023_loppa-kommune_2f1746a5-3b92-443d-91da-d4f4642dee7c.txt,2023,Loppa kommune,2f1746a5-3b92-443d-91da-d4f4642dee7c,html,data/content/nasjonalbiblioteket-svar-horing-prop-78-2022-grunnrenteskatt-laks-manual-20260209222706-4c59c2e3-738-20260209222802380-0_0000093_sha256_364e981d9f9e71cb849687965d01d928f34404300c8b52abb6485378996ec45d.html,https://www.regjeringen.no/no/dokumenter/horing-grunnrenteskatt-pa-havbruk/id2929159/?uid=2f1746a5-3b92-443d-91da-d4f4642dee7c,1202,170
2023_lury-senterparti_14a1da84-f69b-471a-8528-6377a8eaf045.txt,høringer/2023_lury-senterparti_14a1da84-f69b-471a-8528-6377a8eaf045.txt,2023,Lurøy Senterparti,14a1da84-f69b-471a-8528-6377a8eaf045,html,data/content/nasjonalbiblioteket-svar-horing-prop-78-2022-grunnrenteskatt-laks-manual-20260209222706-4c59c2e3-738-20260209222802945-1_0000098_sha256_c01aac971dbea39a6390ddf493ce61ba74b9545d22a1cf1921d386b02146b3cf.html,https://www.regjeringen.no/no/dokumenter/horing-grunnrenteskatt-pa-havbruk/id2929159/?uid=14a1da84-f69b-471a-8528-6377a8eaf045,3110,441
2023_mar-havbruk-as-og-e-karstensen-fiskeoppdrett-as_18954741-2e3b-483f-ae5a-d25e78309ec6.txt,høringer/2023_mar-havbruk-as-og-e-karstensen-fiskeoppdrett-as_18954741-2e3b-483f-ae5a-d25e78309ec6.txt,2023,Marø Havbruk AS og E. Karstensen Fiskeoppdrett AS,18954741-2e3b-483f-ae5a-d25e78309ec6,html,data/content/nasjonalbiblioteket-svar-horing-prop-78-2022-grunnrenteskatt-laks-manual-20260209222706-4c59c2e3-738-20260209222802380-0_0000100_sha256_82a3dd118edff8222164f7f669d636139cf41b9fe2fdb7dbdcfc26a34c435e66.html,https://www.regjeringen.no/no/dokumenter/horing-grunnrenteskatt-pa-havbruk/id2929159/?uid=18954741-2e3b-483f-ae5a-d25e78309ec6,3558,534
2023_masfjorden-kommune_985668bb-a380-4c81-b30d-a2382f2926ad.txt,høringer/2023_masfjorden-kommune_985668bb-a380-4c81-b30d-a2382f2926ad.txt,2023,Masfjorden kommune,985668bb-a380-4c81-b30d-a2382f2926ad,html,data/content/nasjonalbiblioteket-svar-horing-prop-78-2022-grunnrenteskatt-laks-manual-20260209222706-4c59c2e3-738-20260209222802380-0_0000101_sha256_ef25d79e0d4434ffaf1314d55c07184aa2c50f70ad0b0884d5bcc0adfcd9856e.html,https://www.regjeringen.no/no/dokumenter/horing-grunnrenteskatt-pa-havbruk/id2929159/?uid=985668bb-a380-4c81-b30d-a2382f2926ad,1165,163
2023_masy-arbeiderparti_a9244da6-ba19-47e4-b693-0df5c8d3e8c4.txt,høringer/2023_masy-arbeiderparti_a9244da6-ba19-47e4-b693-0df5c8d3e8c4.txt,2023,Måsøy Arbeiderparti,a9244da6-ba19-47e4-b693-0df5c8d3e8c4,html,data/content/nasjonalbiblioteket-svar-horing-prop-78-2022-grunnrenteskatt-laks-manual-20260209222706-4c59c2e3-738-20260209222802945-1_0000111_sha256_1bb091603ae3644a75c22593307b567f5a15bac6476aec451e8fd1b86af5bf46.html,https://www.regjeringen.no/no/dokumenter/horing-grunnrenteskatt-pa-havbruk/id2929159/?uid=a9244da6-ba19-47e4-b693-0df5c8d3e8c4,1418,205
2023_mely-kommune_99fbafb4-6dbd-4239-b145-c87042ea1703.txt,høringer/2023_mely-kommune_99fbafb4-6dbd-4239-b145-c87042ea1703.txt,2023,Meløy kommune,99fbafb4-6dbd-4239-b145-c87042ea1703,html,data/content/nasjonalbiblioteket-svar-horing-prop-78-2022-grunnrenteskatt-laks-manual-20260209222706-4c59c2e3-738-20260209222802945-1_0000102_sha256_3434d30b49723ae3a35db49297cc1de4c8a882bc84da5ad297179800d2333709.html,https://www.regjeringen.no/no/dokumenter/horing-grunnrenteskatt-pa-havbruk/id2929159/?uid=99fbafb4-6dbd-4239-b145-c87042ea1703,875,123
2023_midsund-idrettslag_7a1f606a-1c30-4a52-8d52-a31acb21efe1.txt,høringer/2023_midsund-idrettslag_7a1f606a-1c30-4a52-8d52-a31acb21efe1.txt,2023,Midsund Idrettslag,7a1f606a-1c30-4a52-8d52-a31acb21efe1,html,data/content/nasjonalbiblioteket-svar-horing-prop-78-2022-grunnrenteskatt-laks-manual-20260209222706-4c59c2e3-738-20260209222802945-1_0000101_sha256_437792cb7acc54f953a57026a99dd8f050fecdaaa20de5a200994b67c698c799.html,https://www.regjeringen.no/no/dokumenter/horing-grunnrenteskatt-pa-havbruk/id2929159/?uid=7a1f606a-1c30-4a52-8d52-a31acb21efe1,3891,615
2023_mil-shipping-as_b7a473dc-e6ba-4cd3-93dc-93dc31469e7d.txt,høringer/2023_mil-shipping-as_b7a473dc-e6ba-4cd3-93dc-93dc31469e7d.txt,2023,MIL Shipping AS,b7a473dc-e6ba-4cd3-93dc-93dc31469e7d,html,data/content/nasjonalbiblioteket-svar-horing-prop-78-2022-grunnrenteskatt-laks-manual-20260209222706-4c59c2e3-738-20260209222802380-0_0000102_sha256_b7705aa59d2804a65c249020c41333ab7df1036fee822577b8e6825cd717602c.html,https://www.regjeringen.no/no/dokumenter/horing-grunnrenteskatt-pa-havbruk/id2929159/?uid=b7a473dc-e6ba-4cd3-93dc-93dc31469e7d,2663,412
2023_mmc-first-process_05cd3a9b-9fe1-4b21-b080-cbd1a94f3d68.txt,høringer/2023_mmc-first-process_05cd3a9b-9fe1-4b21-b080-cbd1a94f3d68.txt,2023,MMC First Process,05cd3a9b-9fe1-4b21-b080-cbd1a94f3d68,html,data/content/nasjonalbiblioteket-svar-horing-prop-78-2022-grunnrenteskatt-laks-manual-20260209222706-4c59c2e3-738-20260209222802945-1_0000106_sha256_9ff129f29228a011ceb5cdf91fd24b1310cccad6924cbb9039101b88c4f309e9.html,https://www.regjeringen.no/no/dokumenter/horing-grunnrenteskatt-pa-havbruk/id2929159/?uid=05cd3a9b-9fe1-4b21-b080-cbd1a94f3d68,15809,2416
2023_moreld-aqua-as_355a6c9c-86c2-4e70-8de4-98762ae1aeba.txt,høringer/2023_moreld-aqua-as_355a6c9c-86c2-4e70-8de4-98762ae1aeba.txt,2023,Moreld Aqua AS,355a6c9c-86c2-4e70-8de4-98762ae1aeba,html,data/content/nasjonalbiblioteket-svar-horing-prop-78-2022-grunnrenteskatt-laks-manual-20260209222706-4c59c2e3-738-20260209222802380-0_0000104_sha256_4bc79d71efe1756248a8981d6d4bc1dfc98295ce75f71e477a4253d70b1a95f5.html,https://www.regjeringen.no/no/dokumenter/horing-grunnrenteskatt-pa-havbruk/id2929159/?uid=355a6c9c-86c2-4e70-8de4-98762ae1aeba,3244,482
2023_moulin-de-la-marche_bbc2ba7f-ea02-4daf-b809-c83a0686008c.txt,høringer/2023_moulin-de-la-marche_bbc2ba7f-ea02-4daf-b809-c83a0686008c.txt,2023,MOULIN DE LA MARCHE,bbc2ba7f-ea02-4daf-b809-c83a0686008c,html,data/content/nasjonalbiblioteket-svar-horing-prop-78-2022-grunnrenteskatt-laks-manual-20260209222706-4c59c2e3-738-20260209222802380-0_0000105_sha256_e2b17fc1482820443717a4ce29610acde026b4a20a5bb5a648585589eeda9007.html,https://www.regjeringen.no/no/dokumenter/horing-grunnrenteskatt-pa-havbruk/id2929159/?uid=bbc2ba7f-ea02-4daf-b809-c83a0686008c,2839,475
2023_mre-og-romsdal-fylkeskommune_3787db3e-14c1-4643-a380-fef63415a981.txt,høringer/2023_mre-og-romsdal-fylkeskommune_3787db3e-14c1-4643-a380-fef63415a981.txt,2023,Møre og Romsdal fylkeskommune,3787db3e-14c1-4643-a380-fef63415a981,html,data/content/nasjonalbiblioteket-svar-horing-prop-78-2022-grunnrenteskatt-laks-manual-20260209222706-4c59c2e3-738-20260209222802945-1_0000107_sha256_024fbc6b95e7edd2de20ae5e5e4034d0fc1a6198082f658ed6e8225abdb715b7.html,https://www.regjeringen.no/no/dokumenter/horing-grunnrenteskatt-pa-havbruk/id2929159/?uid=3787db3e-14c1-4643-a380-fef63415a981,1814,276
2023_namdalskysten-nringsforening_98db50b4-a1c8-4664-8996-50eccca8f338.txt,høringer/2023_namdalskysten-nringsforening_98db50b4-a1c8-4664-8996-50eccca8f338.txt,2023,Namdalskysten Næringsforening,98db50b4-a1c8-4664-8996-50eccca8f338,html,data/content/nasjonalbiblioteket-svar-horing-prop-78-2022-grunnrenteskatt-laks-manual-20260209222706-4c59c2e3-738-20260209222802380-0_0000107_sha256_682483cbd52543c3bfc9e9ce6d13ef9141276eb8f00f6569cd4f2f3c432c16f1.html,https://www.regjeringen.no/no/dokumenter/horing-grunnrenteskatt-pa-havbruk/id2929159/?uid=98db50b4-a1c8-4664-8996-50eccca8f338,5719,846
2023_naturvernforbundet_67bcb17d-c5b8-4de1-88dd-0a8a4ac14378.txt,høringer/2023_naturvernforbundet_67bcb17d-c5b8-4de1-88dd-0a8a4ac14378.txt,2023,Naturvernforbundet,67bcb17d-c5b8-4de1-88dd-0a8a4ac14378,html,data/content/nasjonalbiblioteket-svar-horing-prop-78-2022-grunnrenteskatt-laks-manual-20260209222706-4c59c2e3-738-20260209222802945-1_0000110_sha256_cc9653f35f9e68fd1638f1e20a36ab4a8cfdb7279d4eae62991bff181a879e5e.html,https://www.regjeringen.no/no/dokumenter/horing-grunnrenteskatt-pa-havbruk/id2929159/?uid=67bcb17d-c5b8-4de1-88dd-0a8a4ac14378,2341,320
2023_nekst-as_2d8f478d-bf95-46d6-90b4-dc8f5c625b81.txt,høringer/2023_nekst-as_2d8f478d-bf95-46d6-90b4-dc8f5c625b81.txt,2023,Nekst AS,2d8f478d-bf95-46d6-90b4-dc8f5c625b81,html,data/content/nasjonalbiblioteket-svar-horing-prop-78-2022-grunnrenteskatt-laks-manual-20260209222706-4c59c2e3-738-20260209222802380-0_0000113_sha256_5ffd42c42432eb37f7c6f18665f2dc05c9483d3083ff24df8c00608a0e876a29.html,https://www.regjeringen.no/no/dokumenter/horing-grunnrenteskatt-pa-havbruk/id2929159/?uid=2d8f478d-bf95-46d6-90b4-dc8f5c625b81,1785,263
2023_nho-reiseliv_eeb7e7e4-f3cb-4a01-af4d-3b8fd9f750ea.txt,høringer/2023_nho-reiseliv_eeb7e7e4-f3cb-4a01-af4d-3b8fd9f750ea.txt,2023,NHO Reiseliv,eeb7e7e4-f3cb-4a01-af4d-3b8fd9f750ea,html,data/content/nasjonalbiblioteket-svar-horing-prop-78-2022-grunnrenteskatt-laks-manual-20260209222706-4c59c2e3-738-20260209222802380-0_0000114_sha256_9be20341c50016f3a88361334df5f6f2c7a86157243b6eeff4b78b0e9f64ae3c.html,https://www.regjeringen.no/no/dokumenter/horing-grunnrenteskatt-pa-havbruk/id2929159/?uid=eeb7e7e4-f3cb-4a01-af4d-3b8fd9f750ea,2454,363
2023_nnn-avd-8-troms_3054bb81-b5ac-4767-b3bd-953c612f1dcd.txt,høringer/2023_nnn-avd-8-troms_3054bb81-b5ac-4767-b3bd-953c612f1dcd.txt,2023,NNN avd 8 Troms,3054bb81-b5ac-4767-b3bd-953c612f1dcd,html,data/content/nasjonalbiblioteket-svar-horing-prop-78-2022-grunnrenteskatt-laks-manual-20260209222706-4c59c2e3-738-20260209222802945-1_0000112_sha256_1e9416f01973930acb64921c6194e13f500cf4a63176531a8b3769176a665777.html,https://www.regjeringen.no/no/dokumenter/horing-grunnrenteskatt-pa-havbruk/id2929159/?uid=3054bb81-b5ac-4767-b3bd-953c612f1dcd,3000,468
2023_nordicgsa-as_905067da-ce7c-4837-b8d4-41cbf1af34c5.txt,høringer/2023_nordicgsa-as_905067da-ce7c-4837-b8d4-41cbf1af34c5.txt,2023,NordicGSA AS,905067da-ce7c-4837-b8d4-41cbf1af34c5,html,data/content/nasjonalbiblioteket-svar-horing-prop-78-2022-grunnrenteskatt-laks-manual-20260209222706-4c59c2e3-738-20260209222802945-1_0000118_sha256_4ffa19e4f1730643f346e2b4b11f84215630a0554cd9c5459743de36cb14f7f3.html,https://www.regjeringen.no/no/dokumenter/horing-grunnrenteskatt-pa-havbruk/id2929159/?uid=905067da-ce7c-4837-b8d4-41cbf1af34c5,4647,721
2023_nordkapp-kommune_02d7d9a1-5e09-442f-94f1-340afc0f02d7.txt,høringer/2023_nordkapp-kommune_02d7d9a1-5e09-442f-94f1-340afc0f02d7.txt,2023,Nordkapp kommune,02d7d9a1-5e09-442f-94f1-340afc0f02d7,html,data/content/nasjonalbiblioteket-svar-horing-prop-78-2022-grunnrenteskatt-laks-manual-20260209222706-4c59c2e3-738-20260209222802945-1_0000117_sha256_c075d3eeb8c24ef6df76de03b3f3bd4a190e42f1b3cd8ab1c86000f9153b6e19.html,https://www.regjeringen.no/no/dokumenter/horing-grunnrenteskatt-pa-havbruk/id2929159/?uid=02d7d9a1-5e09-442f-94f1-340afc0f02d7,1596,226
2023_nordland-fylkeskommune_a7b63036-c8bd-4965-b943-ef51ca450854.txt,høringer/2023_nordland-fylkeskommune_a7b63036-c8bd-4965-b943-ef51ca450854.txt,2023,Nordland fylkeskommune,a7b63036-c8bd-4965-b943-ef51ca450854,html,data/content/nasjonalbiblioteket-svar-horing-prop-78-2022-grunnrenteskatt-laks-manual-20260209222706-4c59c2e3-738-20260209222802380-0_0000117_sha256_3132ae44f2a57df1f392832fc5054b147acd152b4607fabd63c45953b3b4a1ab.html,https://www.regjeringen.no/no/dokumenter/horing-grunnrenteskatt-pa-havbruk/id2929159/?uid=a7b63036-c8bd-4965-b943-ef51ca450854,1092,150
2023_nordreisa-kommune_6f3ae9cb-71b5-4eb4-bf56-f8e30fdac4c3.txt,høringer/2023_nordreisa-kommune_6f3ae9cb-71b5-4eb4-bf56-f8e30fdac4c3.txt,2023,Nordreisa kommune,6f3ae9cb-71b5-4eb4-bf56-f8e30fdac4c3,html,data/content/nasjonalbiblioteket-svar-horing-prop-78-2022-grunnrenteskatt-laks-manual-20260209222706-4c59c2e3-738-20260209222802380-0_0000116_sha256_6b8722576201f7f7678dfe68654efde10577a7463d541dd51652204c15f3153b.html,https://www.regjeringen.no/no/dokumenter/horing-grunnrenteskatt-pa-havbruk/id2929159/?uid=6f3ae9cb-71b5-4eb4-bf56-f8e30fdac4c3,1515,228
2023_norfra-as_eeb05aa9-5785-4682-80bb-fbb4fcf19b95.txt,høringer/2023_norfra-as_eeb05aa9-5785-4682-80bb-fbb4fcf19b95.txt,2023,Norfra AS,eeb05aa9-5785-4682-80bb-fbb4fcf19b95,html,data/content/nasjonalbiblioteket-svar-horing-prop-78-2022-grunnrenteskatt-laks-manual-20260209222706-4c59c2e3-738-20260209222802945-1_0000119_sha256_ef4dfd2ceb6afbe7b6f7a34b78eece322abf01ee526874a21543f6ed5b0b3ee1.html,https://www.regjeringen.no/no/dokumenter/horing-grunnrenteskatt-pa-havbruk/id2929159/?uid=eeb05aa9-5785-4682-80bb-fbb4fcf19b95,5914,946
2023_norges-miljvernforbund_c602bb3e-fc8d-4c0e-83b5-664016472fd3.txt,høringer/2023_norges-miljvernforbund_c602bb3e-fc8d-4c0e-83b5-664016472fd3.txt,2023,Norges Miljøvernforbund,c602bb3e-fc8d-4c0e-83b5-664016472fd3,html,data/content/nasjonalbiblioteket-svar-horing-prop-78-2022-grunnrenteskatt-laks-manual-20260209222706-4c59c2e3-738-20260209222802945-1_0000121_sha256_9578f2787ed7a198ca6cd4b48f510627354a84e866a97fe93f5eb43df25ec695.html,https://www.regjeringen.no/no/dokumenter/horing-grunnrenteskatt-pa-havbruk/id2929159/?uid=c602bb3e-fc8d-4c0e-83b5-664016472fd3,1649,269
2023_norske-skipsverft-salg-og-markedsfring_7fea186c-ce29-486d-90df-df768ad838d5.txt,høringer/2023_norske-skipsverft-salg-og-markedsfring_7fea186c-ce29-486d-90df-df768ad838d5.txt,2023,Norske Skipsverft Salg og Markedsføring,7fea186c-ce29-486d-90df-df768ad838d5,html,data/content/nasjonalbiblioteket-svar-horing-prop-78-2022-grunnrenteskatt-laks-manual-20260209222706-4c59c2e3-738-20260209222802945-1_0000120_sha256_40f81e33130b4f92eef32358e5afd43655a51e6a87bf9c33834aefa1a3b675a9.html,https://www.regjeringen.no/no/dokumenter/horing-grunnrenteskatt-pa-havbruk/id2929159/?uid=7fea186c-ce29-486d-90df-df768ad838d5,6504,899
2023_north-industri-as_bfdb8fc9-dfa4-4375-8fa2-2e6c271b4fb1.txt,høringer/2023_north-industri-as_bfdb8fc9-dfa4-4375-8fa2-2e6c271b4fb1.txt,2023,NORTH industri as,bfdb8fc9-dfa4-4375-8fa2-2e6c271b4fb1,html,data/content/nasjonalbiblioteket-svar-horing-prop-78-2022-grunnrenteskatt-laks-manual-20260209222706-4c59c2e3-738-20260209222802380-0_0000125_sha256_004aca73924e1f4f0dd60e47082742bdb3ccbcfbf151c649aba52592ce38b14b.html,https://www.regjeringen.no/no/dokumenter/horing-grunnrenteskatt-pa-havbruk/id2929159/?uid=bfdb8fc9-dfa4-4375-8fa2-2e6c271b4fb1,2952,482
2023_norwell-as_13d9281d-7a6d-423d-8808-30f1d6666523.txt,høringer/2023_norwell-as_13d9281d-7a6d-423d-8808-30f1d6666523.txt,2023,Norwell AS,13d9281d-7a6d-423d-8808-30f1d6666523,html,data/content/nasjonalbiblioteket-svar-horing-prop-78-2022-grunnrenteskatt-laks-manual-20260209222706-4c59c2e3-738-20260209222802380-0_0000124_sha256_e0acf6cc4450406d4ad153b6c143c4367fbbd17f65862283da84ace2624683fd.html,https://www.regjeringen.no/no/dokumenter/horing-grunnrenteskatt-pa-havbruk/id2929159/?uid=13d9281d-7a6d-423d-8808-30f1d6666523,4520,685
2023_nringslivets-hovedorganisasjon-nho_564ba664-723d-4759-9883-fe0cba0236e9.txt,høringer/2023_nringslivets-hovedorganisasjon-nho_564ba664-723d-4759-9883-fe0cba0236e9.txt,2023,Næringslivets Hovedorganisasjon NHO,564ba664-723d-4759-9883-fe0cba0236e9,html,data/content/nasjonalbiblioteket-svar-horing-prop-78-2022-grunnrenteskatt-laks-manual-20260209222706-4c59c2e3-738-20260209222802380-0_0000133_sha256_adac8ea1bcdd2ab765fbd0604edfe4723bf41871e5a0e2cb82965dcdda834052.html,https://www.regjeringen.no/no/dokumenter/horing-grunnrenteskatt-pa-havbruk/id2929159/?uid=564ba664-723d-4759-9883-fe0cba0236e9,4134,580
2023_nrysund-kommune_f5cad482-2bc5-40cf-b88e-ac57b213e039.txt,høringer/2023_nrysund-kommune_f5cad482-2bc5-40cf-b88e-ac57b213e039.txt,2023,Nærøysund Kommune,f5cad482-2bc5-40cf-b88e-ac57b213e039,html,data/content/nasjonalbiblioteket-svar-horing-prop-78-2022-grunnrenteskatt-laks-manual-20260209222706-4c59c2e3-738-20260209222802945-1_0000128_sha256_efc9add660e4e4a700c879719201c6a2d61afc1526073da5391f8422af769612.html,https://www.regjeringen.no/no/dokumenter/horing-grunnrenteskatt-pa-havbruk/id2929159/?uid=f5cad482-2bc5-40cf-b88e-ac57b213e039,14838,2187
2023_nrysund-og-leka-venstre_c1af54cf-5957-478e-b859-7c58fe068f1b.txt,høringer/2023_nrysund-og-leka-venstre_c1af54cf-5957-478e-b859-7c58fe068f1b.txt,2023,Nærøysund og Leka Venstre,c1af54cf-5957-478e-b859-7c58fe068f1b,html,data/content/nasjonalbiblioteket-svar-horing-prop-78-2022-grunnrenteskatt-laks-manual-20260209222706-4c59c2e3-738-20260209222802945-1_0000127_sha256_6ac901c01484d6a8aa68924e1eb33ac767c8acb8d5f66af9c1305ac2b37886ce.html,https://www.regjeringen.no/no/dokumenter/horing-grunnrenteskatt-pa-havbruk/id2929159/?uid=c1af54cf-5957-478e-b859-7c58fe068f1b,18158,2673
2023_nrysund-senterparti_4f16594c-4fe5-47c9-a0ae-99340f1d9959.txt,høringer/2023_nrysund-senterparti_4f16594c-4fe5-47c9-a0ae-99340f1d9959.txt,2023,Nærøysund Senterparti,4f16594c-4fe5-47c9-a0ae-99340f1d9959,html,data/content/nasjonalbiblioteket-svar-horing-prop-78-2022-grunnrenteskatt-laks-manual-20260209222706-4c59c2e3-738-20260209222802380-0_0000135_sha256_3b0858b8e6efe27e287598c8db4139e9599d2659509cd7a821c89e04d79c6f17.html,https://www.regjeringen.no/no/dokumenter/horing-grunnrenteskatt-pa-havbruk/id2929159/?uid=4f16594c-4fe5-47c9-a0ae-99340f1d9959,4603,677
2023_ogtech-as_fb03ff2b-0010-410e-b107-a9614ffc073a.txt,høringer/2023_ogtech-as_fb03ff2b-0010-410e-b107-a9614ffc073a.txt,2023,Ogtech AS,fb03ff2b-0010-410e-b107-a9614ffc073a,html,data/content/nasjonalbiblioteket-svar-horing-prop-78-2022-grunnrenteskatt-laks-manual-20260209222706-4c59c2e3-738-20260209222802380-0_0000138_sha256_1c857cc64a7c76ab69146552aec6cb0fc176a0448f718314bafcb541e1d58413.html,https://www.regjeringen.no/no/dokumenter/horing-grunnrenteskatt-pa-havbruk/id2929159/?uid=fb03ff2b-0010-410e-b107-a9614ffc073a,1473,207
2023_ole-jacob-myre_5ccfeafc-56f9-41e3-8d57-51287612bbfc.txt,høringer/2023_ole-jacob-myre_5ccfeafc-56f9-41e3-8d57-51287612bbfc.txt,2023,Ole Jacob Myre,5ccfeafc-56f9-41e3-8d57-51287612bbfc,html,data/content/nasjonalbiblioteket-svar-horing-prop-78-2022-grunnrenteskatt-laks-manual-20260209222706-4c59c2e3-738-20260209222802945-1_0000126_sha256_8b67e3f832edf4d5e04df2abf4d397311f5e9f73502ee7fff164864c3c2f5475.html,https://www.regjeringen.no/no/dokumenter/horing-grunnrenteskatt-pa-havbruk/id2929159/?uid=5ccfeafc-56f9-41e3-8d57-51287612bbfc,1601,244
2023_ole-magnus-melchior_b4869724-d10e-4775-a9f6-641c38988db7.txt,høringer/2023_ole-magnus-melchior_b4869724-d10e-4775-a9f6-641c38988db7.txt,2023,Ole Magnus Melchior,b4869724-d10e-4775-a9f6-641c38988db7,html,data/content/nasjonalbiblioteket-svar-horing-prop-78-2022-grunnrenteskatt-laks-manual-20260209222706-4c59c2e3-738-20260209222802380-0_0000136_sha256_d31e8e9111cc387984386046da7d42945af877f6ed04fc917c36fd7abd050d8d.html,https://www.regjeringen.no/no/dokumenter/horing-grunnrenteskatt-pa-havbruk/id2929159/?uid=b4869724-d10e-4775-a9f6-641c38988db7,145,24
2023_osen-kommune_c3d64ecf-4d14-4d8d-889b-76597e083fbe.txt,høringer/2023_osen-kommune_c3d64ecf-4d14-4d8d-889b-76597e083fbe.txt,2023,Osen kommune,c3d64ecf-4d14-4d8d-889b-76597e083fbe,html,data/content/nasjonalbiblioteket-svar-horing-prop-78-2022-grunnrenteskatt-laks-manual-20260209222706-4c59c2e3-738-20260209222802380-0_0000137_sha256_44a06e25c9892ea34ca62cd611031b6b9b208c063222916b87e4586a015e3760.html,https://www.regjeringen.no/no/dokumenter/horing-grunnrenteskatt-pa-havbruk/id2929159/?uid=c3d64ecf-4d14-4d8d-889b-76597e083fbe,3193,457
2023_p-g-d-svensson_4e295a8b-151b-4623-a73a-3f7746c2be94.txt,høringer/2023_p-g-d-svensson_4e295a8b-151b-4623-a73a-3f7746c2be94.txt,2023,P.G.D. Svensson,4e295a8b-151b-4623-a73a-3f7746c2be94,html,data/content/nasjonalbiblioteket-svar-horing-prop-78-2022-grunnrenteskatt-laks-manual-20260209222706-4c59c2e3-738-20260209222802945-1_0000135_sha256_ea9300a13aacf22ba7d7f7bbeb2742dc6ee20e78b238f1b5bc422e67b9123318.html,https://www.regjeringen.no/no/dokumenter/horing-grunnrenteskatt-pa-havbruk/id2929159/?uid=4e295a8b-151b-4623-a73a-3f7746c2be94,1179,179
2023_pelagisk-forening_7efb124a-e5a9-46d3-bf26-6205e9058a58.txt,høringer/2023_pelagisk-forening_7efb124a-e5a9-46d3-bf26-6205e9058a58.txt,2023,Pelagisk Forening,7efb124a-e5a9-46d3-bf26-6205e9058a58,html,data/content/nasjonalbiblioteket-svar-horing-prop-78-2022-grunnrenteskatt-laks-manual-20260209222706-4c59c2e3-738-20260209222802380-0_0000141_sha256_f4c4ddb8c261233bf4afb19f967369c677c14fef45385d525ea43cb91673e34c.html,https://www.regjeringen.no/no/dokumenter/horing-grunnrenteskatt-pa-havbruk/id2929159/?uid=7efb124a-e5a9-46d3-bf26-6205e9058a58,4313,627
2023_person-som-ikke-har-oppgitt-navn-015639_644fae71-9dfb-462d-a821-a1c985ec7dd3.txt,høringer/2023_person-som-ikke-har-oppgitt-navn-015639_644fae71-9dfb-462d-a821-a1c985ec7dd3.txt,2023,Person som ikke har oppgitt navn (015639),644fae71-9dfb-462d-a821-a1c985ec7dd3,html,data/content/nasjonalbiblioteket-svar-horing-prop-78-2022-grunnrenteskatt-laks-manual-20260209222706-4c59c2e3-738-20260209222802380-0_0000140_sha256_29bf7e2319cf0ab150e0b3479076364eac20af2a59c9bd387c188a797e97cfdc.html,https://www.regjeringen.no/no/dokumenter/horing-grunnrenteskatt-pa-havbruk/id2929159/?uid=644fae71-9dfb-462d-a821-a1c985ec7dd3,119,22
2023_person-som-ikke-har-oppgitt-navn-104839_108fc920-9fe3-4390-a7aa-0520c6a7d305.txt,høringer/2023_person-som-ikke-har-oppgitt-navn-104839_108fc920-9fe3-4390-a7aa-0520c6a7d305.txt,2023,Person som ikke har oppgitt navn (104839),108fc920-9fe3-4390-a7aa-0520c6a7d305,html,data/content/nasjonalbiblioteket-svar-horing-prop-78-2022-grunnrenteskatt-laks-manual-20260209222706-4c59c2e3-738-20260209222802945-1_0000134_sha256_73264a67ae54ae434848fe97bbfc32ff808b921063d482b331c0522c26c8ee33.html,https://www.regjeringen.no/no/dokumenter/horing-grunnrenteskatt-pa-havbruk/id2929159/?uid=108fc920-9fe3-4390-a7aa-0520c6a7d305,543,92
2023_person-som-ikke-har-oppgitt-navn-113898_e240bbea-4ba8-4583-a4d9-bd8debc01226.txt,høringer/2023_person-som-ikke-har-oppgitt-navn-113898_e240bbea-4ba8-4583-a4d9-bd8debc01226.txt,2023,Person som ikke har oppgitt navn (113898),e240bbea-4ba8-4583-a4d9-bd8debc01226,html,data/content/nasjonalbiblioteket-svar-horing-prop-78-2022-grunnrenteskatt-laks-manual-20260209222706-4c59c2e3-738-20260209222802380-0_0000142_sha256_2ecdaaa1a2ac1d856d106e9f3cb6d690ef9aec74c1004d7179d335f2ddc43c73.html,https://www.regjeringen.no/no/dokumenter/horing-grunnrenteskatt-pa-havbruk/id2929159/?uid=e240bbea-4ba8-4583-a4d9-bd8debc01226,257,46
2023_person-som-ikke-har-oppgitt-navn-114225_3cfa8b1e-d603-4651-a155-c5e3f959efad.txt,høringer/2023_person-som-ikke-har-oppgitt-navn-114225_3cfa8b1e-d603-4651-a155-c5e3f959efad.txt,2023,Person som ikke har oppgitt navn (114225),3cfa8b1e-d603-4651-a155-c5e3f959efad,html,data/content/nasjonalbiblioteket-svar-horing-prop-78-2022-grunnrenteskatt-laks-manual-20260209222706-4c59c2e3-738-20260209222802380-0_0000139_sha256_8b57fdea50b8867c696d4e28f48e1ed106a1586896a7817232ddf1727e6d66f7.html,https://www.regjeringen.no/no/dokumenter/horing-grunnrenteskatt-pa-havbruk/id2929159/?uid=3cfa8b1e-d603-4651-a155-c5e3f959efad,638,113
2023_person-som-ikke-har-oppgitt-navn-124895_6f86b116-9560-4ecc-8bc5-da273bf0598c.txt,høringer/2023_person-som-ikke-har-oppgitt-navn-124895_6f86b116-9560-4ecc-8bc5-da273bf0598c.txt,2023,Person som ikke har oppgitt navn (124895),6f86b116-9560-4ecc-8bc5-da273bf0598c,html,data/content/nasjonalbiblioteket-svar-horing-prop-78-2022-grunnrenteskatt-laks-manual-20260209222706-4c59c2e3-738-20260209222802945-1_0000136_sha256_53d12a1a86a12eaef694a01851b3293051c40dc9b0a438fa6568e30b2b6dc0af.html,https://www.regjeringen.no/no/dokumenter/horing-grunnrenteskatt-pa-havbruk/id2929159/?uid=6f86b116-9560-4ecc-8bc5-da273bf0598c,322,57
2023_person-som-ikke-har-oppgitt-navn-143520_dec4ce74-af08-46be-96d1-ea257208cde1.txt,høringer/2023_person-som-ikke-har-oppgitt-navn-143520_dec4ce74-af08-46be-96d1-ea257208cde1.txt,2023,Person som ikke har oppgitt navn (143520),dec4ce74-af08-46be-96d1-ea257208cde1,html,data/content/nasjonalbiblioteket-svar-horing-prop-78-2022-grunnrenteskatt-laks-manual-20260209222706-4c59c2e3-738-20260209222802945-1_0000137_sha256_40c9c260fbf8853856cf14f79a5618528335d5fbd17a55e7f2a955f7b07fd322.html,https://www.regjeringen.no/no/dokumenter/horing-grunnrenteskatt-pa-havbruk/id2929159/?uid=dec4ce74-af08-46be-96d1-ea257208cde1,1898,314
2023_person-som-ikke-har-oppgitt-navn-179606_57db7639-ab7b-4f7d-827f-a81065c5d07a.txt,høringer/2023_person-som-ikke-har-oppgitt-navn-179606_57db7639-ab7b-4f7d-827f-a81065c5d07a.txt,2023,Person som ikke har oppgitt navn (179606),57db7639-ab7b-4f7d-827f-a81065c5d07a,html,data/content/nasjonalbiblioteket-svar-horing-prop-78-2022-grunnrenteskatt-laks-manual-20260209222706-4c59c2e3-738-20260209222802945-1_0000144_sha256_8d2fd6e4c6266af3993aceac61e10249db33f93b41d8ebe81197b3ca4a642031.html,https://www.regjeringen.no/no/dokumenter/horing-grunnrenteskatt-pa-havbruk/id2929159/?uid=57db7639-ab7b-4f7d-827f-a81065c5d07a,394,62
2023_person-som-ikke-har-oppgitt-navn-183187_a3cec798-2cda-40f6-b80c-bb74af084815.txt,høringer/2023_person-som-ikke-har-oppgitt-navn-183187_a3cec798-2cda-40f6-b80c-bb74af084815.txt,2023,Person som ikke har oppgitt navn (183187),a3cec798-2cda-40f6-b80c-bb74af084815,html,data/content/nasjonalbiblioteket-svar-horing-prop-78-2022-grunnrenteskatt-laks-manual-20260209222706-4c59c2e3-738-20260209222802380-0_0000146_sha256_038454f6ef99b7bfc1962572f3b17068c2b86260f4cb792335c3300654abc385.html,https://www.regjeringen.no/no/dokumenter/horing-grunnrenteskatt-pa-havbruk/id2929159/?uid=a3cec798-2cda-40f6-b80c-bb74af084815,474,80
2023_person-som-ikke-har-oppgitt-navn-184147_8a64c7dd-68b2-4ca0-834a-2b21fd82efe9.txt,høringer/2023_person-som-ikke-har-oppgitt-navn-184147_8a64c7dd-68b2-4ca0-834a-2b21fd82efe9.txt,2023,Person som ikke har oppgitt navn (184147),8a64c7dd-68b2-4ca0-834a-2b21fd82efe9,html,data/content/nasjonalbiblioteket-svar-horing-prop-78-2022-grunnrenteskatt-laks-manual-20260209222706-4c59c2e3-738-20260209222802945-1_0000145_sha256_07c748986fbe30dab8414847b383c726c0dbcb767732a639c4d9f7d68425f121.html,https://www.regjeringen.no/no/dokumenter/horing-grunnrenteskatt-pa-havbruk/id2929159/?uid=8a64c7dd-68b2-4ca0-834a-2b21fd82efe9,163,31
2023_person-som-ikke-har-oppgitt-navn-187190_4e6046de-8d1e-4015-b4fe-1dee97c9a07b.txt,høringer/2023_person-som-ikke-har-oppgitt-navn-187190_4e6046de-8d1e-4015-b4fe-1dee97c9a07b.txt,2023,Person som ikke har oppgitt navn (187190),4e6046de-8d1e-4015-b4fe-1dee97c9a07b,html,data/content/nasjonalbiblioteket-svar-horing-prop-78-2022-grunnrenteskatt-laks-manual-20260209222706-4c59c2e3-738-20260209222802380-0_0000144_sha256_ecbae38c2e6ebc427ee3b3bb03d1997ac5a53b06de68a06dd77e91ba900bd7cb.html,https://www.regjeringen.no/no/dokumenter/horing-grunnrenteskatt-pa-havbruk/id2929159/?uid=4e6046de-8d1e-4015-b4fe-1dee97c9a07b,597,103
2023_person-som-ikke-har-oppgitt-navn-188731_78df503d-3bb6-48b7-abce-8a525e53c236.txt,høringer/2023_person-som-ikke-har-oppgitt-navn-188731_78df503d-3bb6-48b7-abce-8a525e53c236.txt,2023,Person som ikke har oppgitt navn (188731),78df503d-3bb6-48b7-abce-8a525e53c236,html,data/content/nasjonalbiblioteket-svar-horing-prop-78-2022-grunnrenteskatt-laks-manual-20260209222706-4c59c2e3-738-20260209222802380-0_0000145_sha256_87c29fee3de56c69efc280ee6c3706566cca315d0ba6f14a2ac5b1e301064a46.html,https://www.regjeringen.no/no/dokumenter/horing-grunnrenteskatt-pa-havbruk/id2929159/?uid=78df503d-3bb6-48b7-abce-8a525e53c236,787,117
2023_person-som-ikke-har-oppgitt-navn-203280_32672e9c-f197-4da7-8ef4-7693c61e85f6.txt,høringer/2023_person-som-ikke-har-oppgitt-navn-203280_32672e9c-f197-4da7-8ef4-7693c61e85f6.txt,2023,Person som ikke har oppgitt navn (203280),32672e9c-f197-4da7-8ef4-7693c61e85f6,html,data/content/nasjonalbiblioteket-svar-horing-prop-78-2022-grunnrenteskatt-laks-manual-20260209222706-4c59c2e3-738-20260209222802945-1_0000143_sha256_e3797aeb2aaf6ce152ef979e9b0fd455ffdaac15e932b0677d73c8b784e664ef.html,https://www.regjeringen.no/no/dokumenter/horing-grunnrenteskatt-pa-havbruk/id2929159/?uid=32672e9c-f197-4da7-8ef4-7693c61e85f6,3535,585
2023_person-som-ikke-har-oppgitt-navn-214810_ef1773ca-6ee6-41ae-8957-3c7a0c1bf86d.txt,høringer/2023_person-som-ikke-har-oppgitt-navn-214810_ef1773ca-6ee6-41ae-8957-3c7a0c1bf86d.txt,2023,Person som ikke har oppgitt navn (214810),ef1773ca-6ee6-41ae-8957-3c7a0c1bf86d,html,data/content/nasjonalbiblioteket-svar-horing-prop-78-2022-grunnrenteskatt-laks-manual-20260209222706-4c59c2e3-738-20260209222802945-1_0000147_sha256_2df31f7c0b3f63936bd4e6ca4b90e61e36c745725b8226304315e1ac7b63d8a2.html,https://www.regjeringen.no/no/dokumenter/horing-grunnrenteskatt-pa-havbruk/id2929159/?uid=ef1773ca-6ee6-41ae-8957-3c7a0c1bf86d,1036,166
2023_person-som-ikke-har-oppgitt-navn-221852_ae82c187-2a39-4487-9d07-5e034176c545.txt,høringer/2023_person-som-ikke-har-oppgitt-navn-221852_ae82c187-2a39-4487-9d07-5e034176c545.txt,2023,Person som ikke har oppgitt navn (221852),ae82c187-2a39-4487-9d07-5e034176c545,html,data/content/nasjonalbiblioteket-svar-horing-prop-78-2022-grunnrenteskatt-laks-manual-20260209222706-4c59c2e3-738-20260209222802945-1_0000146_sha256_ce32f2004ee760254393e76ea8dbf87957198e4a3393f5fc01a41c5125e2f630.html,https://www.regjeringen.no/no/dokumenter/horing-grunnrenteskatt-pa-havbruk/id2929159/?uid=ae82c187-2a39-4487-9d07-5e034176c545,570,99
2023_person-som-ikke-har-oppgitt-navn-242293_21ee7df7-41b8-4e03-91c1-bc17ce0a1817.txt,høringer/2023_person-som-ikke-har-oppgitt-navn-242293_21ee7df7-41b8-4e03-91c1-bc17ce0a1817.txt,2023,Person som ikke har oppgitt navn (242293),21ee7df7-41b8-4e03-91c1-bc17ce0a1817,html,data/content/nasjonalbiblioteket-svar-horing-prop-78-2022-grunnrenteskatt-laks-manual-20260209222706-4c59c2e3-738-20260209222802380-0_0000143_sha256_409a2967739e302b9d5c044720830a1c1de7125aa65fe724535a7970fef3ac9e.html,https://www.regjeringen.no/no/dokumenter/horing-grunnrenteskatt-pa-havbruk/id2929159/?uid=21ee7df7-41b8-4e03-91c1-bc17ce0a1817,705,116
2023_person-som-ikke-har-oppgitt-navn-254647_d242bcee-e502-4b09-b3a9-f28e2c8dcb06.txt,høringer/2023_person-som-ikke-har-oppgitt-navn-254647_d242bcee-e502-4b09-b3a9-f28e2c8dcb06.txt,2023,Person som ikke har oppgitt navn (254647),d242bcee-e502-4b09-b3a9-f28e2c8dcb06,html,data/content/nasjonalbiblioteket-svar-horing-prop-78-2022-grunnrenteskatt-laks-manual-20260209222706-4c59c2e3-738-20260209222802380-0_0000147_sha256_560105f9ea7976d6251e285d974c38bedc48caaa046029be4ff222a439b6e4dc.html,https://www.regjeringen.no/no/dokumenter/horing-grunnrenteskatt-pa-havbruk/id2929159/?uid=d242bcee-e502-4b09-b3a9-f28e2c8dcb06,349,55
2023_person-som-ikke-har-oppgitt-navn-264854_17ec22b8-c74e-45aa-bcfd-e31b33e58a2d.txt,høringer/2023_person-som-ikke-har-oppgitt-navn-264854_17ec22b8-c74e-45aa-bcfd-e31b33e58a2d.txt,2023,Person som ikke har oppgitt navn (264854),17ec22b8-c74e-45aa-bcfd-e31b33e58a2d,html,data/content/nasjonalbiblioteket-svar-horing-prop-78-2022-grunnrenteskatt-laks-manual-20260209222706-4c59c2e3-738-20260209222802945-1_0000142_sha256_a11b7337bef8e81ac614069a0eae5f19c9bffe6188933c4c248e8d13910f8155.html,https://www.regjeringen.no/no/dokumenter/horing-grunnrenteskatt-pa-havbruk/id2929159/?uid=17ec22b8-c74e-45aa-bcfd-e31b33e58a2d,832,140
2023_person-som-ikke-har-oppgitt-navn-272136_feb49a57-c91a-4406-b758-1523438d8dd3.txt,høringer/2023_person-som-ikke-har-oppgitt-navn-272136_feb49a57-c91a-4406-b758-1523438d8dd3.txt,2023,Person som ikke har oppgitt navn (272136),feb49a57-c91a-4406-b758-1523438d8dd3,html,data/content/nasjonalbiblioteket-svar-horing-prop-78-2022-grunnrenteskatt-laks-manual-20260209222706-4c59c2e3-738-20260209222802380-0_0000152_sha256_32c4a4c93465beb81f62cf24beb0edd404815f807416fddca15f9ce1e1d2bf9e.html,https://www.regjeringen.no/no/dokumenter/horing-grunnrenteskatt-pa-havbruk/id2929159/?uid=feb49a57-c91a-4406-b758-1523438d8dd3,119,18
2023_person-som-ikke-har-oppgitt-navn-274145_9f5b6ece-4f79-4635-88ce-61f5af046578.txt,høringer/2023_person-som-ikke-har-oppgitt-navn-274145_9f5b6ece-4f79-4635-88ce-61f5af046578.txt,2023,Person som ikke har oppgitt navn (274145),9f5b6ece-4f79-4635-88ce-61f5af046578,html,data/content/nasjonalbiblioteket-svar-horing-prop-78-2022-grunnrenteskatt-laks-manual-20260209222706-4c59c2e3-738-20260209222802380-0_0000150_sha256_0584393e9c5945a816d6e9ebc9421a576fe1446ad4a34e5bacde22fda7ee88ee.html,https://www.regjeringen.no/no/dokumenter/horing-grunnrenteskatt-pa-havbruk/id2929159/?uid=9f5b6ece-4f79-4635-88ce-61f5af046578,601,88
2023_person-som-ikke-har-oppgitt-navn-278399_975e9202-9a83-41f8-b33f-d9b07d4f72c8.txt,høringer/2023_person-som-ikke-har-oppgitt-navn-278399_975e9202-9a83-41f8-b33f-d9b07d4f72c8.txt,2023,Person som ikke har oppgitt navn (278399),975e9202-9a83-41f8-b33f-d9b07d4f72c8,html,data/content/nasjonalbiblioteket-svar-horing-prop-78-2022-grunnrenteskatt-laks-manual-20260209222706-4c59c2e3-738-20260209222802945-1_0000150_sha256_eec18048a9583f8cddadff9f31d82d041b60e46bb6a16923e4a3c0a2b52833c4.html,https://www.regjeringen.no/no/dokumenter/horing-grunnrenteskatt-pa-havbruk/id2929159/?uid=975e9202-9a83-41f8-b33f-d9b07d4f72c8,1114,174
2023_person-som-ikke-har-oppgitt-navn-280220_1c26ebde-d8fa-4489-a48a-92af7885604a.txt,høringer/2023_person-som-ikke-har-oppgitt-navn-280220_1c26ebde-d8fa-4489-a48a-92af7885604a.txt,2023,Person som ikke har oppgitt navn (280220),1c26ebde-d8fa-4489-a48a-92af7885604a,html,data/content/nasjonalbiblioteket-svar-horing-prop-78-2022-grunnrenteskatt-laks-manual-20260209222706-4c59c2e3-738-20260209222802380-0_0000148_sha256_f0f1fb7d8ebdb46311628e44696d9dc2f29f64c172aaead33c172a10d12808d8.html,https://www.regjeringen.no/no/dokumenter/horing-grunnrenteskatt-pa-havbruk/id2929159/?uid=1c26ebde-d8fa-4489-a48a-92af7885604a,1751,264
2023_person-som-ikke-har-oppgitt-navn-284203_6343b37b-da10-48bc-8412-a6b7e4644d37.txt,høringer/2023_person-som-ikke-har-oppgitt-navn-284203_6343b37b-da10-48bc-8412-a6b7e4644d37.txt,2023,Person som ikke har oppgitt navn (284203),6343b37b-da10-48bc-8412-a6b7e4644d37,html,data/content/nasjonalbiblioteket-svar-horing-prop-78-2022-grunnrenteskatt-laks-manual-20260209222706-4c59c2e3-738-20260209222802380-0_0000149_sha256_f6834d9a5751e57aae249321960da138c4b5c6f97d4762e936f1fa5c129f01e8.html,https://www.regjeringen.no/no/dokumenter/horing-grunnrenteskatt-pa-havbruk/id2929159/?uid=6343b37b-da10-48bc-8412-a6b7e4644d37,844,131
2023_person-som-ikke-har-oppgitt-navn-312756_5c5cc3b1-2de0-49a1-92d7-e22f803a1419.txt,høringer/2023_person-som-ikke-har-oppgitt-navn-312756_5c5cc3b1-2de0-49a1-92d7-e22f803a1419.txt,2023,Person som ikke har oppgitt navn (312756),5c5cc3b1-2de0-49a1-92d7-e22f803a1419,html,data/content/nasjonalbiblioteket-svar-horing-prop-78-2022-grunnrenteskatt-laks-manual-20260209222706-4c59c2e3-738-20260209222802945-1_0000149_sha256_3f70bdba201f130a544ddf54ea1a4ade658a6df844be7a68005b17205b36dbce.html,https://www.regjeringen.no/no/dokumenter/horing-grunnrenteskatt-pa-havbruk/id2929159/?uid=5c5cc3b1-2de0-49a1-92d7-e22f803a1419,641,108
2023_person-som-ikke-har-oppgitt-navn-321577_0f479e15-078d-46ff-832f-6662b0ed4257.txt,høringer/2023_person-som-ikke-har-oppgitt-navn-321577_0f479e15-078d-46ff-832f-6662b0ed4257.txt,2023,Person som ikke har oppgitt navn (321577),0f479e15-078d-46ff-832f-6662b0ed4257,html,data/content/nasjonalbiblioteket-svar-horing-prop-78-2022-grunnrenteskatt-laks-manual-20260209222706-4c59c2e3-738-20260209222802945-1_0000148_sha256_f8abae39e41fdeb2ca97a235aec2655d72344cb2af43c1c3f4e79f9a3f0e8c0d.html,https://www.regjeringen.no/no/dokumenter/horing-grunnrenteskatt-pa-havbruk/id2929159/?uid=0f479e15-078d-46ff-832f-6662b0ed4257,141,27
2023_person-som-ikke-har-oppgitt-navn-334972_ccf84e7e-fda5-4ebd-855c-cf92adb9c6c5.txt,høringer/2023_person-som-ikke-har-oppgitt-navn-334972_ccf84e7e-fda5-4ebd-855c-cf92adb9c6c5.txt,2023,Person som ikke har oppgitt navn (334972),ccf84e7e-fda5-4ebd-855c-cf92adb9c6c5,html,data/content/nasjonalbiblioteket-svar-horing-prop-78-2022-grunnrenteskatt-laks-manual-20260209222706-4c59c2e3-738-20260209222802380-0_0000151_sha256_94e8f5db034b4b6fc5de9bfa021c0d383492491893473da422a8b5077c7a4441.html,https://www.regjeringen.no/no/dokumenter/horing-grunnrenteskatt-pa-havbruk/id2929159/?uid=ccf84e7e-fda5-4ebd-855c-cf92adb9c6c5,402,76
2023_person-som-ikke-har-oppgitt-navn-372999_cc4d9d53-b6d1-4004-a54b-022bdcb0c216.txt,høringer/2023_person-som-ikke-har-oppgitt-navn-372999_cc4d9d53-b6d1-4004-a54b-022bdcb0c216.txt,2023,Person som ikke har oppgitt navn (372999),cc4d9d53-b6d1-4004-a54b-022bdcb0c216,html,data/content/nasjonalbiblioteket-svar-horing-prop-78-2022-grunnrenteskatt-laks-manual-20260209222706-4c59c2e3-738-20260209222802945-1_0000151_sha256_5bf0c7f9139ed186e96d433e22c371dbcfb6393b95baa84ce80cc38042f74f8a.html,https://www.regjeringen.no/no/dokumenter/horing-grunnrenteskatt-pa-havbruk/id2929159/?uid=cc4d9d53-b6d1-4004-a54b-022bdcb0c216,2531,418
2023_person-som-ikke-har-oppgitt-navn-378231_a39bb01b-3a4e-420b-ba60-19496f865a85.txt,høringer/2023_person-som-ikke-har-oppgitt-navn-378231_a39bb01b-3a4e-420b-ba60-19496f865a85.txt,2023,Person som ikke har oppgitt navn (378231),a39bb01b-3a4e-420b-ba60-19496f865a85,html,data/content/nasjonalbiblioteket-svar-horing-prop-78-2022-grunnrenteskatt-laks-manual-20260209222706-4c59c2e3-738-20260209222802380-0_0000156_sha256_48b70e3f173326b2af4546208a0b655f62da5aa96d24589927016db45017a16f.html,https://www.regjeringen.no/no/dokumenter/horing-grunnrenteskatt-pa-havbruk/id2929159/?uid=a39bb01b-3a4e-420b-ba60-19496f865a85,1917,324
2023_person-som-ikke-har-oppgitt-navn-392793_319ca3b0-a2f0-480a-86e1-43cc2f76403e.txt,høringer/2023_person-som-ikke-har-oppgitt-navn-392793_319ca3b0-a2f0-480a-86e1-43cc2f76403e.txt,2023,Person som ikke har oppgitt navn (392793),319ca3b0-a2f0-480a-86e1-43cc2f76403e,html,data/content/nasjonalbiblioteket-svar-horing-prop-78-2022-grunnrenteskatt-laks-manual-20260209222706-4c59c2e3-738-20260209222802945-1_0000152_sha256_18e4c1f2df449caadb2822d62a9fdccaa3c599920220b9dda50c3d6fcf838460.html,https://www.regjeringen.no/no/dokumenter/horing-grunnrenteskatt-pa-havbruk/id2929159/?uid=319ca3b0-a2f0-480a-86e1-43cc2f76403e,5317,883
2023_person-som-ikke-har-oppgitt-navn-394329_deb85671-b7bc-477b-9e70-8a61dab9bd31.txt,høringer/2023_person-som-ikke-har-oppgitt-navn-394329_deb85671-b7bc-477b-9e70-8a61dab9bd31.txt,2023,Person som ikke har oppgitt navn (394329),deb85671-b7bc-477b-9e70-8a61dab9bd31,html,data/content/nasjonalbiblioteket-svar-horing-prop-78-2022-grunnrenteskatt-laks-manual-20260209222706-4c59c2e3-738-20260209222802380-0_0000157_sha256_9336da23779163bc81f4e40bd5067b625dd321e1dc026c8ae51b54add49dbbe7.html,https://www.regjeringen.no/no/dokumenter/horing-grunnrenteskatt-pa-havbruk/id2929159/?uid=deb85671-b7bc-477b-9e70-8a61dab9bd31,958,150
2023_person-som-ikke-har-oppgitt-navn-397304_932fa693-0230-4601-bf8f-0f6adaca4659.txt,høringer/2023_person-som-ikke-har-oppgitt-navn-397304_932fa693-0230-4601-bf8f-0f6adaca4659.txt,2023,Person som ikke har oppgitt navn (397304),932fa693-0230-4601-bf8f-0f6adaca4659,html,data/content/nasjonalbiblioteket-svar-horing-prop-78-2022-grunnrenteskatt-laks-manual-20260209222706-4c59c2e3-738-20260209222802380-0_0000155_sha256_284c158ecc51e643dfc500c9f5b0f060213047f82f2d483366431668e7acf285.html,https://www.regjeringen.no/no/dokumenter/horing-grunnrenteskatt-pa-havbruk/id2929159/?uid=932fa693-0230-4601-bf8f-0f6adaca4659,1418,233
2023_person-som-ikke-har-oppgitt-navn-405359_85f8f59d-d038-49d0-854f-89530ecc36eb.txt,høringer/2023_person-som-ikke-har-oppgitt-navn-405359_85f8f59d-d038-49d0-854f-89530ecc36eb.txt,2023,Person som ikke har oppgitt navn (405359),85f8f59d-d038-49d0-854f-89530ecc36eb,html,data/content/nasjonalbiblioteket-svar-horing-prop-78-2022-grunnrenteskatt-laks-manual-20260209222706-4c59c2e3-738-20260209222802945-1_0000154_sha256_6d02ce814fefea79a60d17bb99b920375e2239b175599e47a441ce1acf973843.html,https://www.regjeringen.no/no/dokumenter/horing-grunnrenteskatt-pa-havbruk/id2929159/?uid=85f8f59d-d038-49d0-854f-89530ecc36eb,185,30
2023_person-som-ikke-har-oppgitt-navn-407283_7c86e517-5f5e-4622-ac7d-19b5781ac3d9.txt,høringer/2023_person-som-ikke-har-oppgitt-navn-407283_7c86e517-5f5e-4622-ac7d-19b5781ac3d9.txt,2023,Person som ikke har oppgitt navn (407283),7c86e517-5f5e-4622-ac7d-19b5781ac3d9,html,data/content/nasjonalbiblioteket-svar-horing-prop-78-2022-grunnrenteskatt-laks-manual-20260209222706-4c59c2e3-738-20260209222802380-0_0000154_sha256_131e27a769b35db9dc45981eae4678253c09be5e3bd27b61aff764f4f3c5600f.html,https://www.regjeringen.no/no/dokumenter/horing-grunnrenteskatt-pa-havbruk/id2929159/?uid=7c86e517-5f5e-4622-ac7d-19b5781ac3d9,2717,416
2023_person-som-ikke-har-oppgitt-navn-474440_72edcb39-26ab-4ce3-a566-6d2f640e5ad5.txt,høringer/2023_person-som-ikke-har-oppgitt-navn-474440_72edcb39-26ab-4ce3-a566-6d2f640e5ad5.txt,2023,Person som ikke har oppgitt navn (474440),72edcb39-26ab-4ce3-a566-6d2f640e5ad5,html,data/content/nasjonalbiblioteket-svar-horing-prop-78-2022-grunnrenteskatt-laks-manual-20260209222706-4c59c2e3-738-20260209222802380-0_0000153_sha256_7101fcfe9a146f8a88c7f0ece0948822196c566708610f540ddd49440efe5648.html,https://www.regjeringen.no/no/dokumenter/horing-grunnrenteskatt-pa-havbruk/id2929159/?uid=72edcb39-26ab-4ce3-a566-6d2f640e5ad5,296,42
2023_person-som-ikke-har-oppgitt-navn-510835_a2756a48-8f95-46da-a47a-56d95c3cb7d9.txt,høringer/2023_person-som-ikke-har-oppgitt-navn-510835_a2756a48-8f95-46da-a47a-56d95c3cb7d9.txt,2023,Person som ikke har oppgitt navn (510835),a2756a48-8f95-46da-a47a-56d95c3cb7d9,html,data/content/nasjonalbiblioteket-svar-horing-prop-78-2022-grunnrenteskatt-laks-manual-20260209222706-4c59c2e3-738-20260209222802945-1_0000155_sha256_c64805b4b65a303a7a3dc0b1800626dd04ffe8747e357464ad25037a365977a2.html,https://www.regjeringen.no/no/dokumenter/horing-grunnrenteskatt-pa-havbruk/id2929159/?uid=a2756a48-8f95-46da-a47a-56d95c3cb7d9,947,138
2023_person-som-ikke-har-oppgitt-navn-596936_7819d92b-3ee2-45d6-a20b-a74850b20a44.txt,høringer/2023_person-som-ikke-har-oppgitt-navn-596936_7819d92b-3ee2-45d6-a20b-a74850b20a44.txt,2023,Person som ikke har oppgitt navn (596936),7819d92b-3ee2-45d6-a20b-a74850b20a44,html,data/content/nasjonalbiblioteket-svar-horing-prop-78-2022-grunnrenteskatt-laks-manual-20260209222706-4c59c2e3-738-20260209222802945-1_0000153_sha256_42f7e93eeecee1e623666357ee7ae262376dad3680a1b0329f5fbd491a35bae6.html,https://www.regjeringen.no/no/dokumenter/horing-grunnrenteskatt-pa-havbruk/id2929159/?uid=7819d92b-3ee2-45d6-a20b-a74850b20a44,1013,164
2023_person-som-ikke-har-oppgitt-navn-675820_b8d8a803-cfc4-4092-9738-79090db3edc0.txt,høringer/2023_person-som-ikke-har-oppgitt-navn-675820_b8d8a803-cfc4-4092-9738-79090db3edc0.txt,2023,Person som ikke har oppgitt navn (675820),b8d8a803-cfc4-4092-9738-79090db3edc0,html,data/content/nasjonalbiblioteket-svar-horing-prop-78-2022-grunnrenteskatt-laks-manual-20260209222706-4c59c2e3-738-20260209222802945-1_0000156_sha256_152968ac624ab398f70781bd2c2cb679d4e49ab262a1874e407661ec8ce53746.html,https://www.regjeringen.no/no/dokumenter/horing-grunnrenteskatt-pa-havbruk/id2929159/?uid=b8d8a803-cfc4-4092-9738-79090db3edc0,1140,180
2023_person-som-ikke-har-oppgitt-navn-936190_c6ef9996-20d6-46b0-a7bc-d9c22d09308d.txt,høringer/2023_person-som-ikke-har-oppgitt-navn-936190_c6ef9996-20d6-46b0-a7bc-d9c22d09308d.txt,2023,Person som ikke har oppgitt navn (936190),c6ef9996-20d6-46b0-a7bc-d9c22d09308d,html,data/content/nasjonalbiblioteket-svar-horing-prop-78-2022-grunnrenteskatt-laks-manual-20260209222706-4c59c2e3-738-20260209222802380-0_0000160_sha256_e53ddac15a6c7c7a076000604590a8e45a477e080becc9d1c157782893260e48.html,https://www.regjeringen.no/no/dokumenter/horing-grunnrenteskatt-pa-havbruk/id2929159/?uid=c6ef9996-20d6-46b0-a7bc-d9c22d09308d,129,20
2023_pioner-holding-as_a910aa3d-4e3c-46f4-8172-d35896822588.txt,høringer/2023_pioner-holding-as_a910aa3d-4e3c-46f4-8172-d35896822588.txt,2023,Pionér Holding AS,a910aa3d-4e3c-46f4-8172-d35896822588,html,data/content/nasjonalbiblioteket-svar-horing-prop-78-2022-grunnrenteskatt-laks-manual-20260209222706-4c59c2e3-738-20260209222802380-0_0000159_sha256_63b1fbe708cc7eec0478a0c1de131ee61dbbb134a2c2900c0d19d99518b1d412.html,https://www.regjeringen.no/no/dokumenter/horing-grunnrenteskatt-pa-havbruk/id2929159/?uid=a910aa3d-4e3c-46f4-8172-d35896822588,213,32
2023_pkom-as_75c6490b-9746-4500-a831-7e68c2e37ed9.txt,høringer/2023_pkom-as_75c6490b-9746-4500-a831-7e68c2e37ed9.txt,2023,PKOM AS,75c6490b-9746-4500-a831-7e68c2e37ed9,html,data/content/nasjonalbiblioteket-svar-horing-prop-78-2022-grunnrenteskatt-laks-manual-20260209222706-4c59c2e3-738-20260209222802380-0_0000158_sha256_695067e99814d794d509560419cf3a5142819d6fcdcff62335c77ac33455c8b0.html,https://www.regjeringen.no/no/dokumenter/horing-grunnrenteskatt-pa-havbruk/id2929159/?uid=75c6490b-9746-4500-a831-7e68c2e37ed9,2559,362
2023_politiske-posisjonen-i-saltdal-kommune_8b28f7ae-fb73-40fa-b19e-2749a5e2aed6.txt,høringer/2023_politiske-posisjonen-i-saltdal-kommune_8b28f7ae-fb73-40fa-b19e-2749a5e2aed6.txt,2023,Politiske posisjonen i Saltdal kommune,8b28f7ae-fb73-40fa-b19e-2749a5e2aed6,html,data/content/nasjonalbiblioteket-svar-horing-prop-78-2022-grunnrenteskatt-laks-manual-20260209222706-4c59c2e3-738-20260209222802945-1_0000158_sha256_bee748ad4055835f95ce9eb20827e4732e8a990cbf2ba951ecd0b58de6cae106.html,https://www.regjeringen.no/no/dokumenter/horing-grunnrenteskatt-pa-havbruk/id2929159/?uid=8b28f7ae-fb73-40fa-b19e-2749a5e2aed6,3701,574
2023_rdy-kommune_7ba8f159-7430-423d-9831-b1b9c95cafc6.txt,høringer/2023_rdy-kommune_7ba8f159-7430-423d-9831-b1b9c95cafc6.txt,2023,Rødøy kommune,7ba8f159-7430-423d-9831-b1b9c95cafc6,html,data/content/nasjonalbiblioteket-svar-horing-prop-78-2022-grunnrenteskatt-laks-manual-20260209222706-4c59c2e3-738-20260209222802380-0_0000164_sha256_a4de678dc5c0c5123e74e9f66dc68a6eecbdcb75b696249cfd7b760681839b94.html,https://www.regjeringen.no/no/dokumenter/horing-grunnrenteskatt-pa-havbruk/id2929159/?uid=7ba8f159-7430-423d-9831-b1b9c95cafc6,2855,415
2023_rland-kommune_b6e5d85d-fd74-432e-b468-d14d8c920ce2.txt,høringer/2023_rland-kommune_b6e5d85d-fd74-432e-b468-d14d8c920ce2.txt,2023,Ørland kommune,b6e5d85d-fd74-432e-b468-d14d8c920ce2,html,data/content/nasjonalbiblioteket-svar-horing-prop-78-2022-grunnrenteskatt-laks-manual-20260209222706-4c59c2e3-738-20260209222802380-0_0000213_sha256_5d79e7507ec156237b1d980e995090f3ffed75fb4ab00eda2a365799d0d491b7.html,https://www.regjeringen.no/no/dokumenter/horing-grunnrenteskatt-pa-havbruk/id2929159/?uid=b6e5d85d-fd74-432e-b468-d14d8c920ce2,679,96
2023_robert-nss_9831966f-108a-4e44-b623-7ff23c4c028e.txt,høringer/2023_robert-nss_9831966f-108a-4e44-b623-7ff23c4c028e.txt,2023,Robert Næss,9831966f-108a-4e44-b623-7ff23c4c028e,html,data/content/nasjonalbiblioteket-svar-horing-prop-78-2022-grunnrenteskatt-laks-manual-20260209222706-4c59c2e3-738-20260209222802945-1_0000159_sha256_3ea1b2905c8c50c30a7fad9735f8fae2712118307a2a91c48946c2aa519c31f9.html,https://www.regjeringen.no/no/dokumenter/horing-grunnrenteskatt-pa-havbruk/id2929159/?uid=9831966f-108a-4e44-b623-7ff23c4c028e,3666,601
2023_rogaland-fylkeskommune_dc86f194-e7d9-48f5-b369-ff5cc2dd3fc6.txt,høringer/2023_rogaland-fylkeskommune_dc86f194-e7d9-48f5-b369-ff5cc2dd3fc6.txt,2023,Rogaland fylkeskommune,dc86f194-e7d9-48f5-b369-ff5cc2dd3fc6,html,data/content/nasjonalbiblioteket-svar-horing-prop-78-2022-grunnrenteskatt-laks-manual-20260209222706-4c59c2e3-738-20260209222802945-1_0000160_sha256_f9c8e1cf8de61460205ab60416995d956314244868c6cb405de79641db5641fb.html,https://www.regjeringen.no/no/dokumenter/horing-grunnrenteskatt-pa-havbruk/id2929159/?uid=dc86f194-e7d9-48f5-b369-ff5cc2dd3fc6,2751,428
2023_roger-selset_63ad6fad-fe4f-49cc-9928-1b8fa67aac1d.txt,høringer/2023_roger-selset_63ad6fad-fe4f-49cc-9928-1b8fa67aac1d.txt,2023,Roger Selset,63ad6fad-fe4f-49cc-9928-1b8fa67aac1d,html,data/content/nasjonalbiblioteket-svar-horing-prop-78-2022-grunnrenteskatt-laks-manual-20260209222706-4c59c2e3-738-20260209222802945-1_0000157_sha256_42ab093178ac0954db94e53d3cd0d26ab3d0eb3c4c19261d6d4b06ad4bf3f9de.html,https://www.regjeringen.no/no/dokumenter/horing-grunnrenteskatt-pa-havbruk/id2929159/?uid=63ad6fad-fe4f-49cc-9928-1b8fa67aac1d,5043,800
2023_salangen-kommune_417f0bd4-6818-483a-aaa6-dc0b361e768a.txt,høringer/2023_salangen-kommune_417f0bd4-6818-483a-aaa6-dc0b361e768a.txt,2023,Salangen kommune,417f0bd4-6818-483a-aaa6-dc0b361e768a,html,data/content/nasjonalbiblioteket-svar-horing-prop-78-2022-grunnrenteskatt-laks-manual-20260209222706-4c59c2e3-738-20260209222802945-1_0000164_sha256_a4abd66e18ce0de964fd5d122fb2840ae06d0e5e288da619fa1aee0e9cf4c7d4.html,https://www.regjeringen.no/no/dokumenter/horing-grunnrenteskatt-pa-havbruk/id2929159/?uid=417f0bd4-6818-483a-aaa6-dc0b361e768a,736,96
2023_salmoncamera_3e64e3ee-a3ca-4351-8f59-44df524118f3.txt,høringer/2023_salmoncamera_3e64e3ee-a3ca-4351-8f59-44df524118f3.txt,2023,SalmonCamera,3e64e3ee-a3ca-4351-8f59-44df524118f3,html,data/content/nasjonalbiblioteket-svar-horing-prop-78-2022-grunnrenteskatt-laks-manual-20260209222706-4c59c2e3-738-20260209222802380-0_0000163_sha256_2e947a7fa7d273711f8dd36bb24f3eb128bc6dd55394ae0d9aff1e5546fef0c8.html,https://www.regjeringen.no/no/dokumenter/horing-grunnrenteskatt-pa-havbruk/id2929159/?uid=3e64e3ee-a3ca-4351-8f59-44df524118f3,2253,321
2023_salmosea-as_fa37d7fc-690c-4b26-b10f-cbf1bba35206.txt,høringer/2023_salmosea-as_fa37d7fc-690c-4b26-b10f-cbf1bba35206.txt,2023,SalmoSea AS,fa37d7fc-690c-4b26-b10f-cbf1bba35206,html,data/content/nasjonalbiblioteket-svar-horing-prop-78-2022-grunnrenteskatt-laks-manual-20260209222706-4c59c2e3-738-20260209222802945-1_0000165_sha256_d042f27df9fc13bc78753becc0be14006e7194cda7753a28d8fb1409666af1c2.html,https://www.regjeringen.no/no/dokumenter/horing-grunnrenteskatt-pa-havbruk/id2929159/?uid=fa37d7fc-690c-4b26-b10f-cbf1bba35206,2357,337
2023_salten-aqua-as_06509e97-0327-4fa3-81bd-5ca185abca23.txt,høringer/2023_salten-aqua-as_06509e97-0327-4fa3-81bd-5ca185abca23.txt,2023,Salten Aqua AS,06509e97-0327-4fa3-81bd-5ca185abca23,html,data/content/nasjonalbiblioteket-svar-horing-prop-78-2022-grunnrenteskatt-laks-manual-20260209222706-4c59c2e3-738-20260209222802945-1_0000163_sha256_acc8332519cd02ec59017c0832ead310dc79e2dafa415c550586d4935494e9a4.html,https://www.regjeringen.no/no/dokumenter/horing-grunnrenteskatt-pa-havbruk/id2929159/?uid=06509e97-0327-4fa3-81bd-5ca185abca23,5306,828
2023_salvesen-thams-as_0b68ec12-3f4b-4cf0-8e8b-d65616106b2d.txt,høringer/2023_salvesen-thams-as_0b68ec12-3f4b-4cf0-8e8b-d65616106b2d.txt,2023,Salvesen & Thams AS,0b68ec12-3f4b-4cf0-8e8b-d65616106b2d,html,data/content/nasjonalbiblioteket-svar-horing-prop-78-2022-grunnrenteskatt-laks-manual-20260209222706-4c59c2e3-738-20260209222802380-0_0000171_sha256_17ece5dfd68caaaef71ff7816fa20602e8fc701dff2085799f9650d137926275.html,https://www.regjeringen.no/no/dokumenter/horing-grunnrenteskatt-pa-havbruk/id2929159/?uid=0b68ec12-3f4b-4cf0-8e8b-d65616106b2d,9720,1478
2023_sandnes-kommune_6a5151cb-26f7-48aa-8512-bab5e3485673.txt,høringer/2023_sandnes-kommune_6a5151cb-26f7-48aa-8512-bab5e3485673.txt,2023,Sandnes kommune,6a5151cb-26f7-48aa-8512-bab5e3485673,html,data/content/nasjonalbiblioteket-svar-horing-prop-78-2022-grunnrenteskatt-laks-manual-20260209222706-4c59c2e3-738-20260209222802380-0_0000172_sha256_89abb3d1785b33d64c02f0cd3873fb5b278337f2ec414cc4ae81d0583571d5cb.html,https://www.regjeringen.no/no/dokumenter/horing-grunnrenteskatt-pa-havbruk/id2929159/?uid=6a5151cb-26f7-48aa-8512-bab5e3485673,832,119
2023_senja-frp_6c716dbf-5313-4efa-bc1f-7cfc79033caa.txt,høringer/2023_senja-frp_6c716dbf-5313-4efa-bc1f-7cfc79033caa.txt,2023,Senja FrP,6c716dbf-5313-4efa-bc1f-7cfc79033caa,html,data/content/nasjonalbiblioteket-svar-horing-prop-78-2022-grunnrenteskatt-laks-manual-20260209222706-4c59c2e3-738-20260209222802380-0_0000173_sha256_9d1b9ad951780e59f9eae578a4f81dcde6bf2a61dd49c34fa516f7fb28037b27.html,https://www.regjeringen.no/no/dokumenter/horing-grunnrenteskatt-pa-havbruk/id2929159/?uid=6c716dbf-5313-4efa-bc1f-7cfc79033caa,7588,1172
2023_senja-kommune_52c75132-2a3d-4849-b20e-382afad95734.txt,høringer/2023_senja-kommune_52c75132-2a3d-4849-b20e-382afad95734.txt,2023,Senja kommune,52c75132-2a3d-4849-b20e-382afad95734,html,data/content/nasjonalbiblioteket-svar-horing-prop-78-2022-grunnrenteskatt-laks-manual-20260209222706-4c59c2e3-738-20260209222802945-1_0000166_sha256_b25248ece012d0569320bfc967d3bd6d1b26e40c34a45c1e27576e81be7e1c08.html,https://www.regjeringen.no/no/dokumenter/horing-grunnrenteskatt-pa-havbruk/id2929159/?uid=52c75132-2a3d-4849-b20e-382afad95734,33234,5036
2023_sjmat-norge_b9cf981f-4106-4f3d-b04f-254c53a39706.txt,høringer/2023_sjmat-norge_b9cf981f-4106-4f3d-b04f-254c53a39706.txt,2023,Sjømat Norge,b9cf981f-4106-4f3d-b04f-254c53a39706,html,data/content/nasjonalbiblioteket-svar-horing-prop-78-2022-grunnrenteskatt-laks-manual-20260209222706-4c59c2e3-738-20260209222802380-0_0000174_sha256_17ba282dc273c294e7368cd1b1c1008bd92428a6fec2f5e7e127b8d2ef738356.html,https://www.regjeringen.no/no/dokumenter/horing-grunnrenteskatt-pa-havbruk/id2929159/?uid=b9cf981f-4106-4f3d-b04f-254c53a39706,2108,304
2023_sjmatklyngen-senja_af07d89f-b187-450f-9e37-5259330fb8d9.txt,høringer/2023_sjmatklyngen-senja_af07d89f-b187-450f-9e37-5259330fb8d9.txt,2023,Sjømatklyngen Senja,af07d89f-b187-450f-9e37-5259330fb8d9,html,data/content/nasjonalbiblioteket-svar-horing-prop-78-2022-grunnrenteskatt-laks-manual-20260209222706-4c59c2e3-738-20260209222802945-1_0000173_sha256_a1118ff2989a26910c2f8cc2e83ac3ad465390e1ec2a72ad02d86df5ace48f7e.html,https://www.regjeringen.no/no/dokumenter/horing-grunnrenteskatt-pa-havbruk/id2929159/?uid=af07d89f-b187-450f-9e37-5259330fb8d9,9322,1398
2023_skarsvag-boats-as_efc0cc45-d3e4-46ba-b60b-237f07a06a0e.txt,høringer/2023_skarsvag-boats-as_efc0cc45-d3e4-46ba-b60b-237f07a06a0e.txt,2023,Skarsvåg Boats AS,efc0cc45-d3e4-46ba-b60b-237f07a06a0e,html,data/content/nasjonalbiblioteket-svar-horing-prop-78-2022-grunnrenteskatt-laks-manual-20260209222706-4c59c2e3-738-20260209222802945-1_0000174_sha256_76156dcbbd4bb7d0c2968dae8f7cc04a1c78b0b980c47f7b1664dc5ee44d6dd0.html,https://www.regjeringen.no/no/dokumenter/horing-grunnrenteskatt-pa-havbruk/id2929159/?uid=efc0cc45-d3e4-46ba-b60b-237f07a06a0e,5106,754
2023_sletta-sjmat_e9ded9ae-b055-4573-be03-4d6b81850ac9.txt,høringer/2023_sletta-sjmat_e9ded9ae-b055-4573-be03-4d6b81850ac9.txt,2023,Sletta Sjømat,e9ded9ae-b055-4573-be03-4d6b81850ac9,html,data/content/nasjonalbiblioteket-svar-horing-prop-78-2022-grunnrenteskatt-laks-manual-20260209222706-4c59c2e3-738-20260209222802380-0_0000181_sha256_3c8b916f5b3833d061b7b43dfb7c64f2b3dd34e0daa4d09d7ffc728696cbc79e.html,https://www.regjeringen.no/no/dokumenter/horing-grunnrenteskatt-pa-havbruk/id2929159/?uid=e9ded9ae-b055-4573-be03-4d6b81850ac9,661,111
2023_smla-kommune_9df9878e-b9e2-4c9a-9379-b744bf555b02.txt,høringer/2023_smla-kommune_9df9878e-b9e2-4c9a-9379-b744bf555b02.txt,2023,Smøla kommune,9df9878e-b9e2-4c9a-9379-b744bf555b02,html,data/content/nasjonalbiblioteket-svar-horing-prop-78-2022-grunnrenteskatt-laks-manual-20260209222706-4c59c2e3-738-20260209222802380-0_0000180_sha256_1210bd4e4d0ad302ff6bd37005df5e79207ba58a8f45a6ecfaa217cf80c99101.html,https://www.regjeringen.no/no/dokumenter/horing-grunnrenteskatt-pa-havbruk/id2929159/?uid=9df9878e-b9e2-4c9a-9379-b744bf555b02,2464,362
2023_sogn-og-fjordane-nringsrad_629108f4-5f1e-4c8f-97bd-3c30e0e6040c.txt,høringer/2023_sogn-og-fjordane-nringsrad_629108f4-5f1e-4c8f-97bd-3c30e0e6040c.txt,2023,Sogn og Fjordane Næringsråd,629108f4-5f1e-4c8f-97bd-3c30e0e6040c,html,data/content/nasjonalbiblioteket-svar-horing-prop-78-2022-grunnrenteskatt-laks-manual-20260209222706-4c59c2e3-738-20260209222802945-1_0000176_sha256_162798c705382a082b6c6070ff873ce5aca0a3b95a221d13731d84ce35e15f73.html,https://www.regjeringen.no/no/dokumenter/horing-grunnrenteskatt-pa-havbruk/id2929159/?uid=629108f4-5f1e-4c8f-97bd-3c30e0e6040c,3278,504
2023_sortland-kommune_f17fb452-c60f-4e8c-885b-95e44839bc47.txt,høringer/2023_sortland-kommune_f17fb452-c60f-4e8c-885b-95e44839bc47.txt,2023,Sortland kommune,f17fb452-c60f-4e8c-885b-95e44839bc47,html,data/content/nasjonalbiblioteket-svar-horing-prop-78-2022-grunnrenteskatt-laks-manual-20260209222706-4c59c2e3-738-20260209222802945-1_0000177_sha256_fbd69a07c07e1bb9adbaf8544057ad68fd88542bb2e344f54a9c33d58b467759.html,https://www.regjeringen.no/no/dokumenter/horing-grunnrenteskatt-pa-havbruk/id2929159/?uid=f17fb452-c60f-4e8c-885b-95e44839bc47,5453,820
2023_sportsklubben-herd_0f2ec054-8ad6-4cdd-9084-a2b03ed1ca1a.txt,høringer/2023_sportsklubben-herd_0f2ec054-8ad6-4cdd-9084-a2b03ed1ca1a.txt,2023,Sportsklubben Herd,0f2ec054-8ad6-4cdd-9084-a2b03ed1ca1a,html,data/content/nasjonalbiblioteket-svar-horing-prop-78-2022-grunnrenteskatt-laks-manual-20260209222706-4c59c2e3-738-20260209222802945-1_0000182_sha256_8b7c1a4de741b156fef3cd1df88319dae6fb9f7ba3ddb9164f3188a94b1d278b.html,https://www.regjeringen.no/no/dokumenter/horing-grunnrenteskatt-pa-havbruk/id2929159/?uid=0f2ec054-8ad6-4cdd-9084-a2b03ed1ca1a,873,136
2023_stadion-laks_af93788a-a9d5-4e03-9089-a8d1bcc75485.txt,høringer/2023_stadion-laks_af93788a-a9d5-4e03-9089-a8d1bcc75485.txt,2023,Stadion Laks,af93788a-a9d5-4e03-9089-a8d1bcc75485,html,data/content/nasjonalbiblioteket-svar-horing-prop-78-2022-grunnrenteskatt-laks-manual-20260209222706-4c59c2e3-738-20260209222802380-0_0000186_sha256_8255e91b0e5692c57d7de8f79e8350b8ee1a7a30ccb4398bc8a3422fd671c5fb.html,https://www.regjeringen.no/no/dokumenter/horing-grunnrenteskatt-pa-havbruk/id2929159/?uid=af93788a-a9d5-4e03-9089-a8d1bcc75485,4468,639
2023_stavanger-kommune_faf06ecd-f479-41f7-95db-2f69e70cc3a8.txt,høringer/2023_stavanger-kommune_faf06ecd-f479-41f7-95db-2f69e70cc3a8.txt,2023,Stavanger Kommune,faf06ecd-f479-41f7-95db-2f69e70cc3a8,html,data/content/nasjonalbiblioteket-svar-horing-prop-78-2022-grunnrenteskatt-laks-manual-20260209222706-4c59c2e3-738-20260209222802380-0_0000187_sha256_9af81466c88c1d9db593f7cd60fcf2e583693233d3545d9f77ec7784b82a281e.html,https://www.regjeringen.no/no/dokumenter/horing-grunnrenteskatt-pa-havbruk/id2929159/?uid=faf06ecd-f479-41f7-95db-2f69e70cc3a8,3630,473
2023_steigen-kommune_f93e0ff1-8d60-4c71-aaf1-21b33adb928d.txt,høringer/2023_steigen-kommune_f93e0ff1-8d60-4c71-aaf1-21b33adb928d.txt,2023,Steigen kommune,f93e0ff1-8d60-4c71-aaf1-21b33adb928d,html,data/content/nasjonalbiblioteket-svar-horing-prop-78-2022-grunnrenteskatt-laks-manual-20260209222706-4c59c2e3-738-20260209222802945-1_0000183_sha256_f2b10ff370a462aff2c8f191815567ad55f7bb2c20f5835ac1af58f22552d96f.html,https://www.regjeringen.no/no/dokumenter/horing-grunnrenteskatt-pa-havbruk/id2929159/?uid=f93e0ff1-8d60-4c71-aaf1-21b33adb928d,4616,670
2023_stlending-pa-kysten_57ab48ed-6216-476a-8826-83f90efba970.txt,høringer/2023_stlending-pa-kysten_57ab48ed-6216-476a-8826-83f90efba970.txt,2023,Østlending på kysten,57ab48ed-6216-476a-8826-83f90efba970,html,data/content/nasjonalbiblioteket-svar-horing-prop-78-2022-grunnrenteskatt-laks-manual-20260209222706-4c59c2e3-738-20260209222802945-1_0000216_sha256_b74254150693208340ca44ae956f4f67f4e778651f36b112f708b1bc8a303c32.html,https://www.regjeringen.no/no/dokumenter/horing-grunnrenteskatt-pa-havbruk/id2929159/?uid=57ab48ed-6216-476a-8826-83f90efba970,2634,420
2023_suldal-kommune_23a0ff6b-b11f-4138-b719-c1ffb6a2ab35.txt,høringer/2023_suldal-kommune_23a0ff6b-b11f-4138-b719-c1ffb6a2ab35.txt,2023,Suldal kommune,23a0ff6b-b11f-4138-b719-c1ffb6a2ab35,html,data/content/nasjonalbiblioteket-svar-horing-prop-78-2022-grunnrenteskatt-laks-manual-20260209222706-4c59c2e3-738-20260209222802945-1_0000185_sha256_02ac5326207555081bcd14b6022fd7bbe9534fa810af5dc0fe522fe91596588a.html,https://www.regjeringen.no/no/dokumenter/horing-grunnrenteskatt-pa-havbruk/id2929159/?uid=23a0ff6b-b11f-4138-b719-c1ffb6a2ab35,1716,274
2023_svana-as-ved-ivar-holmefjord_ae7446c2-e4bc-4ff5-b763-05ea789a4031.txt,høringer/2023_svana-as-ved-ivar-holmefjord_ae7446c2-e4bc-4ff5-b763-05ea789a4031.txt,2023,Svana AS ved Ivar Holmefjord,ae7446c2-e4bc-4ff5-b763-05ea789a4031,html,data/content/nasjonalbiblioteket-svar-horing-prop-78-2022-grunnrenteskatt-laks-manual-20260209222706-4c59c2e3-738-20260209222802380-0_0000191_sha256_7aca54693f32c6af0bc544434b0c17c374a8daa0c3d52562acb5d40a3d11a20c.html,https://www.regjeringen.no/no/dokumenter/horing-grunnrenteskatt-pa-havbruk/id2929159/?uid=ae7446c2-e4bc-4ff5-b763-05ea789a4031,11219,1785
2023_sveio-kommune_60583ce8-b37a-41f4-bfac-6d6fc6d77578.txt,høringer/2023_sveio-kommune_60583ce8-b37a-41f4-bfac-6d6fc6d77578.txt,2023,Sveio kommune,60583ce8-b37a-41f4-bfac-6d6fc6d77578,html,data/content/nasjonalbiblioteket-svar-horing-prop-78-2022-grunnrenteskatt-laks-manual-20260209222706-4c59c2e3-738-20260209222802380-0_0000190_sha256_335f6581ed9d63c0b456b833c41a1fe1b31525554118a45f6f484a3126a641c8.html,https://www.regjeringen.no/no/dokumenter/horing-grunnrenteskatt-pa-havbruk/id2929159/?uid=60583ce8-b37a-41f4-bfac-6d6fc6d77578,130,18
2023_torghatten-aqua-as_b1ae9017-fabb-439f-965a-54c25fd99b0a.txt,høringer/2023_torghatten-aqua-as_b1ae9017-fabb-439f-965a-54c25fd99b0a.txt,2023,Torghatten Aqua AS,b1ae9017-fabb-439f-965a-54c25fd99b0a,html,data/content/nasjonalbiblioteket-svar-horing-prop-78-2022-grunnrenteskatt-laks-manual-20260209222706-4c59c2e3-738-20260209222802945-1_0000192_sha256_5957bdb1475862b9c176a9b3afa56a4bc8e643c4d64c8f62b8509cb059a47686.html,https://www.regjeringen.no/no/dokumenter/horing-grunnrenteskatt-pa-havbruk/id2929159/?uid=b1ae9017-fabb-439f-965a-54c25fd99b0a,3360,521
2023_toril-mongstad_6177f9f8-27fd-4599-8cd9-167dab4bfd28.txt,høringer/2023_toril-mongstad_6177f9f8-27fd-4599-8cd9-167dab4bfd28.txt,2023,Toril Mongstad,6177f9f8-27fd-4599-8cd9-167dab4bfd28,html,data/content/nasjonalbiblioteket-svar-horing-prop-78-2022-grunnrenteskatt-laks-manual-20260209222706-4c59c2e3-738-20260209222802945-1_0000191_sha256_f43ce1ac2d97b589c6ab66831f6d3d1b68ca0badeb2ee06e31caa233528a0dd0.html,https://www.regjeringen.no/no/dokumenter/horing-grunnrenteskatt-pa-havbruk/id2929159/?uid=6177f9f8-27fd-4599-8cd9-167dab4bfd28,1412,237
2023_torskenettverket_4844c7cd-50f5-4cda-a04b-45f14e6b93a0.txt,høringer/2023_torskenettverket_4844c7cd-50f5-4cda-a04b-45f14e6b93a0.txt,2023,Torskenettverket,4844c7cd-50f5-4cda-a04b-45f14e6b93a0,html,data/content/nasjonalbiblioteket-svar-horing-prop-78-2022-grunnrenteskatt-laks-manual-20260209222706-4c59c2e3-738-20260209222802380-0_0000192_sha256_d2d4d6819c350fb4307514b27bb645a7bf2e8d578ee1eccc9368e3ab4901bab1.html,https://www.regjeringen.no/no/dokumenter/horing-grunnrenteskatt-pa-havbruk/id2929159/?uid=4844c7cd-50f5-4cda-a04b-45f14e6b93a0,982,145
2023_trna-kommune_dcabd5d7-e5e9-4e83-b7d4-c7bf8098ec72.txt,høringer/2023_trna-kommune_dcabd5d7-e5e9-4e83-b7d4-c7bf8098ec72.txt,2023,Træna kommune,dcabd5d7-e5e9-4e83-b7d4-c7bf8098ec72,html,data/content/nasjonalbiblioteket-svar-horing-prop-78-2022-grunnrenteskatt-laks-manual-20260209222706-4c59c2e3-738-20260209222802945-1_0000193_sha256_ac8b0856a59442e22552dbbcd347f229d22f884350664dbe21eb42a82dff2bd1.html,https://www.regjeringen.no/no/dokumenter/horing-grunnrenteskatt-pa-havbruk/id2929159/?uid=dcabd5d7-e5e9-4e83-b7d4-c7bf8098ec72,7509,1105
2023_trna-senterparti_7966f241-4e1a-421d-9c35-c4b95b0304bb.txt,høringer/2023_trna-senterparti_7966f241-4e1a-421d-9c35-c4b95b0304bb.txt,2023,Træna Senterparti,7966f241-4e1a-421d-9c35-c4b95b0304bb,html,data/content/nasjonalbiblioteket-svar-horing-prop-78-2022-grunnrenteskatt-laks-manual-20260209222706-4c59c2e3-738-20260209222802380-0_0000193_sha256_2090daf645e6a00370dff6fe00e1aed0857074c81f28ac41f675d8ddd9ad5d24.html,https://www.regjeringen.no/no/dokumenter/horing-grunnrenteskatt-pa-havbruk/id2929159/?uid=7966f241-4e1a-421d-9c35-c4b95b0304bb,4363,607
2023_trndelag-venstre_1cb9f6f3-bdca-4d80-b2ed-05548da1493f.txt,høringer/2023_trndelag-venstre_1cb9f6f3-bdca-4d80-b2ed-05548da1493f.txt,2023,Trøndelag Venstre,1cb9f6f3-bdca-4d80-b2ed-05548da1493f,html,data/content/nasjonalbiblioteket-svar-horing-prop-78-2022-grunnrenteskatt-laks-manual-20260209222706-4c59c2e3-738-20260209222802380-0_0000196_sha256_2d91227e3c88737d6254b98b9db184af8d11c5987ba528557904067d21dddf95.html,https://www.regjeringen.no/no/dokumenter/horing-grunnrenteskatt-pa-havbruk/id2929159/?uid=1cb9f6f3-bdca-4d80-b2ed-05548da1493f,2408,356
2023_troms-og-finnmark-fylkeskommune_c784f38d-428a-4835-a610-7c2c8c5e2f66.txt,høringer/2023_troms-og-finnmark-fylkeskommune_c784f38d-428a-4835-a610-7c2c8c5e2f66.txt,2023,Troms og Finnmark fylkeskommune,c784f38d-428a-4835-a610-7c2c8c5e2f66,html,data/content/nasjonalbiblioteket-svar-horing-prop-78-2022-grunnrenteskatt-laks-manual-20260209222706-4c59c2e3-738-20260209222802380-0_0000194_sha256_c37e83d7a3b6e6497f4ef0862256d3838e81ac4cf027717dd0ed37087c1afd18.html,https://www.regjeringen.no/no/dokumenter/horing-grunnrenteskatt-pa-havbruk/id2929159/?uid=c784f38d-428a-4835-a610-7c2c8c5e2f66,1009,158
2023_troms-og-finnmark-svs-fylkestingsgruppe-sosialistisk-venstreparti_0d05e40b-b550-44e2-8bd6-d9a9021a8270.txt,høringer/2023_troms-og-finnmark-svs-fylkestingsgruppe-sosialistisk-venstreparti_0d05e40b-b550-44e2-8bd6-d9a9021a8270.txt,2023,Troms og Finnmark SVs fylkestingsgruppe(sosialistisk venstreparti),0d05e40b-b550-44e2-8bd6-d9a9021a8270,html,data/content/nasjonalbiblioteket-svar-horing-prop-78-2022-grunnrenteskatt-laks-manual-20260209222706-4c59c2e3-738-20260209222802945-1_0000190_sha256_2f23b0142e031872e12f40cad1120eeaf1013c7620cff5900f3391556bd93da2.html,https://www.regjeringen.no/no/dokumenter/horing-grunnrenteskatt-pa-havbruk/id2929159/?uid=0d05e40b-b550-44e2-8bd6-d9a9021a8270,1074,149
2023_tysnes-kommune_3fcc7cf2-59f0-44cd-9509-a0ea857de625.txt,høringer/2023_tysnes-kommune_3fcc7cf2-59f0-44cd-9509-a0ea857de625.txt,2023,Tysnes kommune,3fcc7cf2-59f0-44cd-9509-a0ea857de625,html,data/content/nasjonalbiblioteket-svar-horing-prop-78-2022-grunnrenteskatt-laks-manual-20260209222706-4c59c2e3-738-20260209222802945-1_0000195_sha256_0dc4a73e1f43c54b713d4000a606a7f2949797befa8d6c309cd4852da8f4faf2.html,https://www.regjeringen.no/no/dokumenter/horing-grunnrenteskatt-pa-havbruk/id2929159/?uid=3fcc7cf2-59f0-44cd-9509-a0ea857de625,1765,275
2023_ubago-group_a56b6f8a-e21d-4bb8-b7f3-4a14d57dd103.txt,høringer/2023_ubago-group_a56b6f8a-e21d-4bb8-b7f3-4a14d57dd103.txt,2023,UBAGO GROUP,a56b6f8a-e21d-4bb8-b7f3-4a14d57dd103,html,data/content/nasjonalbiblioteket-svar-horing-prop-78-2022-grunnrenteskatt-laks-manual-20260209222706-4c59c2e3-738-20260209222802380-0_0000197_sha256_a2378d5cf59e7dd205175817c780c88d0a8e1ce98340eca9e1479aab5eed60bf.html,https://www.regjeringen.no/no/dokumenter/horing-grunnrenteskatt-pa-havbruk/id2929159/?uid=a56b6f8a-e21d-4bb8-b7f3-4a14d57dd103,3383,533
2023_vanylven-kommune_d5613b17-2c3b-47be-9e96-4222a703a296.txt,høringer/2023_vanylven-kommune_d5613b17-2c3b-47be-9e96-4222a703a296.txt,2023,Vanylven kommune,d5613b17-2c3b-47be-9e96-4222a703a296,html,data/content/nasjonalbiblioteket-svar-horing-prop-78-2022-grunnrenteskatt-laks-manual-20260209222706-4c59c2e3-738-20260209222802945-1_0000196_sha256_8b3bd01902e983b095a769e3a67058fb40c90de10e01e94aad715294f53bab3e.html,https://www.regjeringen.no/no/dokumenter/horing-grunnrenteskatt-pa-havbruk/id2929159/?uid=d5613b17-2c3b-47be-9e96-4222a703a296,1191,180
2023_vesteralen-regionrad_6c4f9b5d-ac35-46ca-8512-4f1a6564606e.txt,høringer/2023_vesteralen-regionrad_6c4f9b5d-ac35-46ca-8512-4f1a6564606e.txt,2023,Vesterålen regionråd,6c4f9b5d-ac35-46ca-8512-4f1a6564606e,html,data/content/nasjonalbiblioteket-svar-horing-prop-78-2022-grunnrenteskatt-laks-manual-20260209222706-4c59c2e3-738-20260209222802380-0_0000202_sha256_acb627fb472577a1d786014a4c9470ee0ead0749dfc642ec80b502668b7f7d03.html,https://www.regjeringen.no/no/dokumenter/horing-grunnrenteskatt-pa-havbruk/id2929159/?uid=6c4f9b5d-ac35-46ca-8512-4f1a6564606e,189,26
2023_vestnes-kommune-v-formannskapet_43d790c5-94d7-4ce6-a557-1d3c012c4ba5.txt,høringer/2023_vestnes-kommune-v-formannskapet_43d790c5-94d7-4ce6-a557-1d3c012c4ba5.txt,2023,Vestnes kommune v/formannskapet,43d790c5-94d7-4ce6-a557-1d3c012c4ba5,html,data/content/nasjonalbiblioteket-svar-horing-prop-78-2022-grunnrenteskatt-laks-manual-20260209222706-4c59c2e3-738-20260209222802380-0_0000201_sha256_845233effb650e687f48597aaea7db6f08cc7d4f515362b84f2818f5a510d088.html,https://www.regjeringen.no/no/dokumenter/horing-grunnrenteskatt-pa-havbruk/id2929159/?uid=43d790c5-94d7-4ce6-a557-1d3c012c4ba5,4895,694
2023_vevelstad-kommune_559a10f6-a9cb-4565-9087-f0f2ff83e2bf.txt,høringer/2023_vevelstad-kommune_559a10f6-a9cb-4565-9087-f0f2ff83e2bf.txt,2023,Vevelstad kommune,559a10f6-a9cb-4565-9087-f0f2ff83e2bf,html,data/content/nasjonalbiblioteket-svar-horing-prop-78-2022-grunnrenteskatt-laks-manual-20260209222706-4c59c2e3-738-20260209222802945-1_0000203_sha256_94c608d5559251a0c779017dd90768fc91c6e3bd58ca83c95bad292e0dca1a1b.html,https://www.regjeringen.no/no/dokumenter/horing-grunnrenteskatt-pa-havbruk/id2929159/?uid=559a10f6-a9cb-4565-9087-f0f2ff83e2bf,2229,327
2023_viken-fylkeskommune_8ee9cf3a-3421-4e8c-8bd8-8eb50e3fc490.txt,høringer/2023_viken-fylkeskommune_8ee9cf3a-3421-4e8c-8bd8-8eb50e3fc490.txt,2023,Viken fylkeskommune,8ee9cf3a-3421-4e8c-8bd8-8eb50e3fc490,html,data/content/nasjonalbiblioteket-svar-horing-prop-78-2022-grunnrenteskatt-laks-manual-20260209222706-4c59c2e3-738-20260209222802945-1_0000204_sha256_572db5fcae085512815fe08d1a2e77fdd4ba64b2d36dae6884066075ea68076b.html,https://www.regjeringen.no/no/dokumenter/horing-grunnrenteskatt-pa-havbruk/id2929159/?uid=8ee9cf3a-3421-4e8c-8bd8-8eb50e3fc490,1359,187
2023_vikenco-as_d8fdb82e-c74a-4d41-9b8f-450ac339730f.txt,høringer/2023_vikenco-as_d8fdb82e-c74a-4d41-9b8f-450ac339730f.txt,2023,Vikenco AS,d8fdb82e-c74a-4d41-9b8f-450ac339730f,html,data/content/nasjonalbiblioteket-svar-horing-prop-78-2022-grunnrenteskatt-laks-manual-20260209222706-4c59c2e3-738-20260209222802380-0_0000203_sha256_3381f0f0b3150556797625ec993d31557603eb16f47d2d8fe91e777467153067.html,https://www.regjeringen.no/no/dokumenter/horing-grunnrenteskatt-pa-havbruk/id2929159/?uid=d8fdb82e-c74a-4d41-9b8f-450ac339730f,7980,1217
2023_vikomar-as_3b7cc95c-e7b5-4966-b8eb-8ffceeaabe4e.txt,høringer/2023_vikomar-as_3b7cc95c-e7b5-4966-b8eb-8ffceeaabe4e.txt,2023,Vikomar AS,3b7cc95c-e7b5-4966-b8eb-8ffceeaabe4e,html,data/content/nasjonalbiblioteket-svar-horing-prop-78-2022-grunnrenteskatt-laks-manual-20260209222706-4c59c2e3-738-20260209222802945-1_0000202_sha256_3971f276e9f1098fab5e045f5ab093c9aa4a5fb208d70bfbd77f8e3acb942ffb.html,https://www.regjeringen.no/no/dokumenter/horing-grunnrenteskatt-pa-havbruk/id2929159/?uid=3b7cc95c-e7b5-4966-b8eb-8ffceeaabe4e,1216,195
2023_volt-service_9a751af6-5dbb-4dda-bdd1-8ed4e665379f.txt,høringer/2023_volt-service_9a751af6-5dbb-4dda-bdd1-8ed4e665379f.txt,2023,VOLT Service,9a751af6-5dbb-4dda-bdd1-8ed4e665379f,html,data/content/nasjonalbiblioteket-svar-horing-prop-78-2022-grunnrenteskatt-laks-manual-20260209222706-4c59c2e3-738-20260209222802945-1_0000207_sha256_947fc1a405601a56d175d67ee16e61ad6c88eab5454dae4fd46d1248e6694a8c.html,https://www.regjeringen.no/no/dokumenter/horing-grunnrenteskatt-pa-havbruk/id2929159/?uid=9a751af6-5dbb-4dda-bdd1-8ed4e665379f,2643,406
2023_williksen-export-as_4a032928-169a-45a5-ad13-212d9f487969.txt,høringer/2023_williksen-export-as_4a032928-169a-45a5-ad13-212d9f487969.txt,2023,Williksen Export AS,4a032928-169a-45a5-ad13-212d9f487969,html,data/content/nasjonalbiblioteket-svar-horing-prop-78-2022-grunnrenteskatt-laks-manual-20260209222706-4c59c2e3-738-20260209222802380-0_0000206_sha256_96b17405305d0bc61f3f549211f56535bf42b283271122b84a612816878abc52.html,https://www.regjeringen.no/no/dokumenter/horing-grunnrenteskatt-pa-havbruk/id2929159/?uid=4a032928-169a-45a5-ad13-212d9f487969,2877,413
2023_williksen-fangst-as_cebea768-671d-4a78-b26d-c1af2423f292.txt,høringer/2023_williksen-fangst-as_cebea768-671d-4a78-b26d-c1af2423f292.txt,2023,Williksen Fangst AS,cebea768-671d-4a78-b26d-c1af2423f292,html,data/content/nasjonalbiblioteket-svar-horing-prop-78-2022-grunnrenteskatt-laks-manual-20260209222706-4c59c2e3-738-20260209222802380-0_0000208_sha256_14c1cee54c0cbf4de1053f1da5affef00f8edd8cc64b225ae36221457e97731a.html,https://www.regjeringen.no/no/dokumenter/horing-grunnrenteskatt-pa-havbruk/id2929159/?uid=cebea768-671d-4a78-b26d-c1af2423f292,2618,362
2023_williksen-industri-as_a281fc2c-3732-44b9-bc82-2c283876968c.txt,høringer/2023_williksen-industri-as_a281fc2c-3732-44b9-bc82-2c283876968c.txt,2023,Williksen Industri AS,a281fc2c-3732-44b9-bc82-2c283876968c,html,data/content/nasjonalbiblioteket-svar-horing-prop-78-2022-grunnrenteskatt-laks-manual-20260209222706-4c59c2e3-738-20260209222802380-0_0000207_sha256_3dba177d9d7b338ff2eaf62408ca36f2f4f4e5a3fddde364d054ff7a53ae18e1.html,https://www.regjeringen.no/no/dokumenter/horing-grunnrenteskatt-pa-havbruk/id2929159/?uid=a281fc2c-3732-44b9-bc82-2c283876968c,2146,298
2023_wwf-verdens-naturfond_4034d723-5a3e-4c12-b8b5-664d5f5ee7be.txt,høringer/2023_wwf-verdens-naturfond_4034d723-5a3e-4c12-b8b5-664d5f5ee7be.txt,2023,WWF Verdens naturfond,4034d723-5a3e-4c12-b8b5-664d5f5ee7be,html,data/content/nasjonalbiblioteket-svar-horing-prop-78-2022-grunnrenteskatt-laks-manual-20260209222706-4c59c2e3-738-20260209222802945-1_0000206_sha256_794b269754f7b82ddbcc66e134cfb56206b3821d2093b099276476f2502e0177.html,https://www.regjeringen.no/no/dokumenter/horing-grunnrenteskatt-pa-havbruk/id2929159/?uid=4034d723-5a3e-4c12-b8b5-664d5f5ee7be,1062,157
2023_ydra-as_3d7b7eef-c8ae-4058-ad4e-d929b8b764ee.txt,høringer/2023_ydra-as_3d7b7eef-c8ae-4058-ad4e-d929b8b764ee.txt,2023,Ydra AS,3d7b7eef-c8ae-4058-ad4e-d929b8b764ee,html,data/content/nasjonalbiblioteket-svar-horing-prop-78-2022-grunnrenteskatt-laks-manual-20260209222706-4c59c2e3-738-20260209222802945-1_0000215_sha256_038e53278f96bb1235a3946597bd3eb4d54a62d3c18e74c4e6758f41c2ff7680.html,https://www.regjeringen.no/no/dokumenter/horing-grunnrenteskatt-pa-havbruk/id2929159/?uid=3d7b7eef-c8ae-4058-ad4e-d929b8b764ee,20194,3129
2023_yrkesorganisasjonenes-sentralforbund-ys_262a2dae-9ad4-47e0-af5f-a10b82619bc6.txt,høringer/2023_yrkesorganisasjonenes-sentralforbund-ys_262a2dae-9ad4-47e0-af5f-a10b82619bc6.txt,2023,Yrkesorganisasjonenes Sentralforbund - YS,262a2dae-9ad4-47e0-af5f-a10b82619bc6,html,data/content/nasjonalbiblioteket-svar-horing-prop-78-2022-grunnrenteskatt-laks-manual-20260209222706-4c59c2e3-738-20260209222802380-0_0000210_sha256_9d0efb22102ef347b81c5420702f64ea9f88ddd1e1b2673815997753108e01bd.html,https://www.regjeringen.no/no/dokumenter/horing-grunnrenteskatt-pa-havbruk/id2929159/?uid=262a2dae-9ad4-47e0-af5f-a10b82619bc6,4083,595
ukjent_ukjent-avsender_no-uid_01f46137fd.txt,høringer/ukjent_ukjent-avsender_no-uid_01f46137fd.txt,ukjent,Ukjent avsender,no-uid,pdf,data/content/nasjonalbiblioteket-svar-horing-prop-78-2022-grunnrenteskatt-laks-manual-20260209222706-4c59c2e3-738-20260209222802380-0_0000024_sha256_fec0f3d07dfd57eebe4c836dddb36ee6d3aa72f0b514054425ba5abb8fbf2f36.pdf,,39056,5916
ukjent_ukjent-avsender_no-uid_02c7591b02.txt,høringer/ukjent_ukjent-avsender_no-uid_02c7591b02.txt,ukjent,Ukjent avsender,no-uid,pdf,data/content/nasjonalbiblioteket-svar-horing-prop-78-2022-grunnrenteskatt-laks-manual-20260209222706-4c59c2e3-738-20260209222802380-0_0000166_sha256_aabf4284ba22b1507bcf4d177e6de873a24ba838d61fd5db0577c5e5b161ccbe.pdf,,11272,1769
ukjent_ukjent-avsender_no-uid_0330fa7429.txt,høringer/ukjent_ukjent-avsender_no-uid_0330fa7429.txt,ukjent,Ukjent avsender,no-uid,pdf,data/content/nasjonalbiblioteket-svar-horing-nou-2019-18-skattlegging-av-havbruk-manual-20260209102305-d5e71684-918-20260209102358003-0_0000049_sha256_3a5cff79a15474687784f272d50a05b7d3c8c8dca5869eb54c7b36b9c1a5f47b.pdf,,5542,894
ukjent_ukjent-avsender_no-uid_06aec0d4c3.txt,høringer/ukjent_ukjent-avsender_no-uid_06aec0d4c3.txt,ukjent,Ukjent avsender,no-uid,pdf,data/content/nasjonalbiblioteket-svar-horing-prop-78-2022-grunnrenteskatt-laks-manual-20260209222706-4c59c2e3-738-20260209222802380-0_0000130_sha256_b6373091a668fe4daa74b03db9a520ef48786dd0822ac8974cdee02e434c126b.pdf,,41732,6265
ukjent_ukjent-avsender_no-uid_0722facea4.txt,høringer/ukjent_ukjent-avsender_no-uid_0722facea4.txt,ukjent,Ukjent avsender,no-uid,pdf,data/content/nasjonalbiblioteket-svar-horing-prop-78-2022-grunnrenteskatt-laks-manual-20260209222706-4c59c2e3-738-20260209222802945-1_0000097_sha256_5b1f1ea2730c32c45ea219fb59126ad33d4659ef406950b29c54b9cc50d80de9.pdf,,14086,2031
ukjent_ukjent-avsender_no-uid_08b0e1d154.txt,høringer/ukjent_ukjent-avsender_no-uid_08b0e1d154.txt,ukjent,Ukjent avsender,no-uid,pdf,data/content/nasjonalbiblioteket-svar-horing-prop-78-2022-grunnrenteskatt-laks-manual-20260209222706-4c59c2e3-738-20260209222802945-1_0000218_sha256_8e7f67d36a654ee6e353bb935bc6ced6aea39d1c4560bbcc4cc17a895db48bd8.pdf,,4072,589
ukjent_ukjent-avsender_no-uid_08e616e9d4.txt,høringer/ukjent_ukjent-avsender_no-uid_08e616e9d4.txt,ukjent,Ukjent avsender,no-uid,pdf,data/content/nasjonalbiblioteket-svar-horing-prop-78-2022-grunnrenteskatt-laks-manual-20260209222706-4c59c2e3-738-20260209222802380-0_0000118_sha256_f3a50eafea697114b4702ffda420d40855d70b0dc9983a8070444411f7bcbfae.pdf,,7545,1049
ukjent_ukjent-avsender_no-uid_09383dbcef.txt,høringer/ukjent_ukjent-avsender_no-uid_09383dbcef.txt,ukjent,Ukjent avsender,no-uid,pdf,data/content/nasjonalbiblioteket-svar-horing-prop-78-2022-grunnrenteskatt-laks-manual-20260209222706-4c59c2e3-738-20260209222802945-1_0000028_sha256_636406f55a4ac258dcbd92c3fc831e492c9a8454c6c95215775b5704978a5bb5.pdf,,1145,172
ukjent_ukjent-avsender_no-uid_0a606b913b.txt,høringer/ukjent_ukjent-avsender_no-uid_0a606b913b.txt,ukjent,Ukjent avsender,no-uid,pdf,data/content/nasjonalbiblioteket-svar-horing-nou-2019-18-skattlegging-av-havbruk-manual-20260209102305-d5e71684-918-20260209102358003-0_0000045_sha256_04d188d129fc2409d6d233bda302934754d4eeacbe72d28ade5d08ad6cb3e22f.pdf,,4907,698
ukjent_ukjent-avsender_no-uid_0a820f922c.txt,høringer/ukjent_ukjent-avsender_no-uid_0a820f922c.txt,ukjent,Ukjent avsender,no-uid,pdf,data/content/nasjonalbiblioteket-svar-horing-prop-78-2022-grunnrenteskatt-laks-manual-20260209222706-4c59c2e3-738-20260209222802945-1_0000186_sha256_0889c24941fdf78b35717baff74caeff89966b73ede0a4344139268e90d756a5.pdf,,34729,5131
ukjent_ukjent-avsender_no-uid_0b2c829eb6.txt,høringer/ukjent_ukjent-avsender_no-uid_0b2c829eb6.txt,ukjent,Ukjent avsender,no-uid,pdf,data/content/nasjonalbiblioteket-svar-horing-prop-78-2022-grunnrenteskatt-laks-manual-20260209222706-4c59c2e3-738-20260209222802380-0_0000089_sha256_e342f0a15ffec8818f10937c7dca38943b58463d901832900662d4871a8a6483.pdf,,8965,1281
ukjent_ukjent-avsender_no-uid_0b8e4adf14.txt,høringer/ukjent_ukjent-avsender_no-uid_0b8e4adf14.txt,ukjent,Ukjent avsender,no-uid,pdf,data/content/nasjonalbiblioteket-svar-horing-prop-78-2022-grunnrenteskatt-laks-manual-20260209222706-4c59c2e3-738-20260209222802945-1_0000095_sha256_a0de81420cab7805844033cfb5c12ac221cab02ee57e029635cad13f19998866.pdf,,5686,798
ukjent_ukjent-avsender_no-uid_0c05b9a3bb.txt,høringer/ukjent_ukjent-avsender_no-uid_0c05b9a3bb.txt,ukjent,Ukjent avsender,no-uid,pdf,data/content/nasjonalbiblioteket-svar-horing-nou-2019-18-skattlegging-av-havbruk-manual-20260209102305-d5e71684-918-20260209102359694-1_0000058_sha256_dfb071914be9287a9ee25c0ff61f9eea420ba1a949a56e33851479c2d6a90052.pdf,,4730,694
ukjent_ukjent-avsender_no-uid_0d8f9de013.txt,høringer/ukjent_ukjent-avsender_no-uid_0d8f9de013.txt,ukjent,Ukjent avsender,no-uid,pdf,data/content/nasjonalbiblioteket-svar-horing-nou-2019-18-skattlegging-av-havbruk-manual-20260209102305-d5e71684-918-20260209102358003-0_0000066_sha256_a65626ac6602f8acc8732bae2ef30031230c457097878d82b055cdc91e9fbf61.pdf,,17196,2372
ukjent_ukjent-avsender_no-uid_0db2224919.txt,høringer/ukjent_ukjent-avsender_no-uid_0db2224919.txt,ukjent,Ukjent avsender,no-uid,pdf,data/content/nasjonalbiblioteket-svar-horing-prop-78-2022-grunnrenteskatt-laks-manual-20260209222706-4c59c2e3-738-20260209222802380-0_0000009_sha256_330e28af508b7efe84b2e3e6b740e7a416542cd98b5e7644a4ebb6eb0e11144d.pdf,,11123,1580
ukjent_ukjent-avsender_no-uid_0f21350156.txt,høringer/ukjent_ukjent-avsender_no-uid_0f21350156.txt,ukjent,Ukjent avsender,no-uid,pdf,data/content/nasjonalbiblioteket-svar-horing-prop-78-2022-grunnrenteskatt-laks-manual-20260209222706-4c59c2e3-738-20260209222802380-0_0000016_sha256_c550fdc9462b1dc2aa457a79e9c82dd983f1a8cf5120ebe05399d56a0d2d7e12.pdf,,11472,1769
ukjent_ukjent-avsender_no-uid_1081c7172d.txt,høringer/ukjent_ukjent-avsender_no-uid_1081c7172d.txt,ukjent,Ukjent avsender,no-uid,pdf,data/content/nasjonalbiblioteket-svar-horing-nou-2019-18-skattlegging-av-havbruk-manual-20260209102305-d5e71684-918-20260209102358003-0_0000036_sha256_0a16e0067325949ba85ed539b402d5303e3e636d21f495c1cffd719cc30edffd.pdf,,4774,679
ukjent_ukjent-avsender_no-uid_111fb23a6a.txt,høringer/ukjent_ukjent-avsender_no-uid_111fb23a6a.txt,ukjent,Ukjent avsender,no-uid,pdf,data/content/nasjonalbiblioteket-svar-horing-prop-78-2022-grunnrenteskatt-laks-manual-20260209222706-4c59c2e3-738-20260209222802380-0_0000185_sha256_2aad86550d5c96227ec9447068eed4c99a5f4c7eecd6ba7062ad2e94691bf4e2.pdf,,14299,2074
ukjent_ukjent-avsender_no-uid_11edc06148.txt,høringer/ukjent_ukjent-avsender_no-uid_11edc06148.txt,ukjent,Ukjent avsender,no-uid,pdf,data/content/nasjonalbiblioteket-svar-horing-prop-78-2022-grunnrenteskatt-laks-manual-20260209222706-4c59c2e3-738-20260209222802945-1_0000083_sha256_92f1eb101d7b5ab784375f50d8a3f039491709f2d896fbcf7f8233ec9e713e94.pdf,,7720,1273
ukjent_ukjent-avsender_no-uid_121fccbb29.txt,høringer/ukjent_ukjent-avsender_no-uid_121fccbb29.txt,ukjent,Ukjent avsender,no-uid,pdf,data/content/nasjonalbiblioteket-svar-horing-nou-2019-18-skattlegging-av-havbruk-manual-20260209102305-d5e71684-918-20260209102359694-1_0000025_sha256_2d7ee133d1ff2df2c857b8c99fa342723a423fc54fdcbca44237ae59f5c7ccb6.pdf,,2022,317
ukjent_ukjent-avsender_no-uid_12cbde9b81.txt,høringer/ukjent_ukjent-avsender_no-uid_12cbde9b81.txt,ukjent,Ukjent avsender,no-uid,pdf,data/content/nasjonalbiblioteket-svar-horing-prop-78-2022-grunnrenteskatt-laks-manual-20260209222706-4c59c2e3-738-20260209222802945-1_0000116_sha256_4239fb6fc817c849953918e459676fd56a7d3b9c411af3873b1a42c1ae8b942d.pdf,,2099,305
ukjent_ukjent-avsender_no-uid_1365cce224.txt,høringer/ukjent_ukjent-avsender_no-uid_1365cce224.txt,ukjent,Ukjent avsender,no-uid,pdf,data/content/nasjonalbiblioteket-svar-horing-prop-78-2022-grunnrenteskatt-laks-manual-20260209222706-4c59c2e3-738-20260209222802945-1_0000175_sha256_30dd7336e3a05f2908a19897e12fcbcecc939b597cb4ccdd647ccfbd2c01a6d3.pdf,,13428,2058
ukjent_ukjent-avsender_no-uid_147d93d34f.txt,høringer/ukjent_ukjent-avsender_no-uid_147d93d34f.txt,ukjent,Ukjent avsender,no-uid,pdf,data/content/nasjonalbiblioteket-svar-horing-prop-78-2022-grunnrenteskatt-laks-manual-20260209222706-4c59c2e3-738-20260209222802380-0_0000198_sha256_872cbf6e27048855f452d822e32f5978b8e43abf1b8de1e9385c0bc0d62fa074.pdf,,9876,1574
ukjent_ukjent-avsender_no-uid_14b3f8250e.txt,høringer/ukjent_ukjent-avsender_no-uid_14b3f8250e.txt,ukjent,Ukjent avsender,no-uid,pdf,data/content/nasjonalbiblioteket-svar-horing-prop-78-2022-grunnrenteskatt-laks-manual-20260209222706-4c59c2e3-738-20260209222802380-0_0000044_sha256_aaa88348945e6ac5a1e737df4efe693c502a167738700dee5b73d675b2a095c3.pdf,,9463,1445
ukjent_ukjent-avsender_no-uid_1642fda03f.txt,høringer/ukjent_ukjent-avsender_no-uid_1642fda03f.txt,ukjent,Ukjent avsender,no-uid,pdf,data/content/nasjonalbiblioteket-svar-horing-prop-78-2022-grunnrenteskatt-laks-manual-20260209222706-4c59c2e3-738-20260209222802380-0_0000049_sha256_cb49e575dbce252f152a58ece269d3892d236e026ca4b5a36afbb6d434d72517.pdf,,2688,394
ukjent_ukjent-avsender_no-uid_18a29d16ea.txt,høringer/ukjent_ukjent-avsender_no-uid_18a29d16ea.txt,ukjent,Ukjent avsender,no-uid,pdf,data/content/nasjonalbiblioteket-svar-horing-prop-78-2022-grunnrenteskatt-laks-manual-20260209222706-4c59c2e3-738-20260209222802945-1_0000019_sha256_5e5dbc5d69ed467dc8df9801f0085a260e0485b2ac905b05a5aed8137bcb9b74.pdf,,3128,455
ukjent_ukjent-avsender_no-uid_19480c55d6.txt,høringer/ukjent_ukjent-avsender_no-uid_19480c55d6.txt,ukjent,Ukjent avsender,no-uid,pdf,data/content/nasjonalbiblioteket-svar-horing-nou-2019-18-skattlegging-av-havbruk-manual-20260209102305-d5e71684-918-20260209102359694-1_0000019_sha256_e2e5dfbbed1baa8e9446efcaebf3eaba8f9227184660c9fc2897a8405bb56685.pdf,,698,111
ukjent_ukjent-avsender_no-uid_1e0c2c36ae.txt,høringer/ukjent_ukjent-avsender_no-uid_1e0c2c36ae.txt,ukjent,Ukjent avsender,no-uid,pdf,data/content/nasjonalbiblioteket-svar-horing-prop-78-2022-grunnrenteskatt-laks-manual-20260209222706-4c59c2e3-738-20260209222802380-0_0000179_sha256_00b5b7e7acb87b54bd097bd75be2168ee91b49c3e0002e2f68199406eff59956.pdf,,80253,11165
ukjent_ukjent-avsender_no-uid_1e2c3497d3.txt,høringer/ukjent_ukjent-avsender_no-uid_1e2c3497d3.txt,ukjent,Ukjent avsender,no-uid,pdf,data/content/nasjonalbiblioteket-svar-horing-prop-78-2022-grunnrenteskatt-laks-manual-20260209222706-4c59c2e3-738-20260209222802945-1_0000004_sha256_d17513934f39ccb113e078b3d7482aad301ed1fdfc9db6036de4c54081531d0d.pdf,,19022,2883
ukjent_ukjent-avsender_no-uid_1e7e495b72.txt,høringer/ukjent_ukjent-avsender_no-uid_1e7e495b72.txt,ukjent,Ukjent avsender,no-uid,pdf,data/content/nasjonalbiblioteket-svar-horing-nou-2019-18-skattlegging-av-havbruk-manual-20260209102305-d5e71684-918-20260209102359694-1_0000040_sha256_66657f69c87ed964d97bc6693d4df503d615c122d8a04c6d1aba7cd0f2d2340d.pdf,,4345,624
ukjent_ukjent-avsender_no-uid_1edc990438.txt,høringer/ukjent_ukjent-avsender_no-uid_1edc990438.txt,ukjent,Ukjent avsender,no-uid,pdf,data/content/nasjonalbiblioteket-svar-horing-prop-78-2022-grunnrenteskatt-laks-manual-20260209222706-4c59c2e3-738-20260209222802945-1_0000018_sha256_22cdcea3f9503c34996833ff7ca6e0b78fd514762a0ecd6e0847851813802a8f.pdf,,6088,903
ukjent_ukjent-avsender_no-uid_1ffec7d4f1.txt,høringer/ukjent_ukjent-avsender_no-uid_1ffec7d4f1.txt,ukjent,Ukjent avsender,no-uid,pdf,data/content/nasjonalbiblioteket-svar-horing-prop-78-2022-grunnrenteskatt-laks-manual-20260209222706-4c59c2e3-738-20260209222802380-0_0000015_sha256_31bbb0726daf0e0f42550c1ddf0a4fef73988bd87be7a0f01dabafb43834c126.pdf,,4629,678
ukjent_ukjent-avsender_no-uid_20e4a43561.txt,høringer/ukjent_ukjent-avsender_no-uid_20e4a43561.txt,ukjent,Ukjent avsender,no-uid,pdf,data/content/nasjonalbiblioteket-svar-horing-nou-2019-18-skattlegging-av-havbruk-manual-20260209102305-d5e71684-918-20260209102358003-0_0000011_sha256_f29f0c1e4abb27e37d247e6b5c514deb05fd82042ca1327caee1da9d8a60b451.pdf,,5710,895
ukjent_ukjent-avsender_no-uid_2170fee74b.txt,høringer/ukjent_ukjent-avsender_no-uid_2170fee74b.txt,ukjent,Ukjent avsender,no-uid,pdf,data/content/nasjonalbiblioteket-svar-horing-nou-2019-18-skattlegging-av-havbruk-manual-20260209102305-d5e71684-918-20260209102358003-0_0000052_sha256_0b5f019ce1547cbb38c148d9a05671d6a1ad765fd6e096cf556077618cb588bf.pdf,,1397,204
ukjent_ukjent-avsender_no-uid_22598b3ec4.txt,høringer/ukjent_ukjent-avsender_no-uid_22598b3ec4.txt,ukjent,Ukjent avsender,no-uid,pdf,data/content/nasjonalbiblioteket-svar-horing-prop-78-2022-grunnrenteskatt-laks-manual-20260209222706-4c59c2e3-738-20260209222802380-0_0000068_sha256_3da4c7452d3cddff0946705cadfd53cc2e1e18abd108a24a27d30dc3b957d5d4.pdf,,22269,3157
ukjent_ukjent-avsender_no-uid_24a1429e2f.txt,høringer/ukjent_ukjent-avsender_no-uid_24a1429e2f.txt,ukjent,Ukjent avsender,no-uid,pdf,data/content/nasjonalbiblioteket-svar-horing-prop-78-2022-grunnrenteskatt-laks-manual-20260209222706-4c59c2e3-738-20260209222802380-0_0000038_sha256_bb6f61d4908390fa7278621e71d6b50c5757775bfe517b7f05734a20ce06f171.pdf,,2759,456
ukjent_ukjent-avsender_no-uid_25cd2917a2.txt,høringer/ukjent_ukjent-avsender_no-uid_25cd2917a2.txt,ukjent,Ukjent avsender,no-uid,pdf,data/content/nasjonalbiblioteket-svar-horing-prop-78-2022-grunnrenteskatt-laks-manual-20260209222706-4c59c2e3-738-20260209222802945-1_0000167_sha256_91accd326901011f52bd1063f4c9b18b7b7ad2e89872e70964a3c34d024d1b5c.pdf,,4025,619
ukjent_ukjent-avsender_no-uid_275228f3ae.txt,høringer/ukjent_ukjent-avsender_no-uid_275228f3ae.txt,ukjent,Ukjent avsender,no-uid,pdf,data/content/nasjonalbiblioteket-svar-horing-prop-78-2022-grunnrenteskatt-laks-manual-20260209222706-4c59c2e3-738-20260209222802380-0_0000177_sha256_12dc5793cec0a39f30305d4dd9c5484a4813930a0bd235a8daa7f1fdecdd84e7.pdf,,116884,17387
ukjent_ukjent-avsender_no-uid_27c0cdfe43.txt,høringer/ukjent_ukjent-avsender_no-uid_27c0cdfe43.txt,ukjent,Ukjent avsender,no-uid,pdf,data/content/nasjonalbiblioteket-svar-horing-prop-78-2022-grunnrenteskatt-laks-manual-20260209222706-4c59c2e3-738-20260209222802380-0_0000161_sha256_8425f23df24e4002d7098e71eb03d5d451dd4de7b1a4f704ee8be86ca81e1ff7.pdf,,7120,1054
ukjent_ukjent-avsender_no-uid_27ebe4deb0.txt,høringer/ukjent_ukjent-avsender_no-uid_27ebe4deb0.txt,ukjent,Ukjent avsender,no-uid,pdf,data/content/nasjonalbiblioteket-svar-horing-prop-78-2022-grunnrenteskatt-laks-manual-20260209222706-4c59c2e3-738-20260209222802945-1_0000189_sha256_68697be572c8bdbda85d0b91a3a1d9d76a0c27b205895ba1bb4e1545bb779b83.pdf,,2564,386
ukjent_ukjent-avsender_no-uid_2e3b66ce46.txt,høringer/ukjent_ukjent-avsender_no-uid_2e3b66ce46.txt,ukjent,Ukjent avsender,no-uid,pdf,data/content/nasjonalbiblioteket-svar-horing-prop-78-2022-grunnrenteskatt-laks-manual-20260209222706-4c59c2e3-738-20260209222802945-1_0000140_sha256_20fe73d17982b28e368db04c7d8ebfee9589c549ec8f8e46db3c59843ac76af8.pdf,,8424,1415
ukjent_ukjent-avsender_no-uid_2e501f2419.txt,høringer/ukjent_ukjent-avsender_no-uid_2e501f2419.txt,ukjent,Ukjent avsender,no-uid,pdf,data/content/nasjonalbiblioteket-svar-horing-prop-78-2022-grunnrenteskatt-laks-manual-20260209222706-4c59c2e3-738-20260209222802945-1_0000021_sha256_ece16009d982c6e36b7db8d61195212eef759b893f75bc485c1d3e3dfb892228.pdf,,10143,1501
ukjent_ukjent-avsender_no-uid_307675daab.txt,høringer/ukjent_ukjent-avsender_no-uid_307675daab.txt,ukjent,Ukjent avsender,no-uid,pdf,data/content/nasjonalbiblioteket-svar-horing-nou-2019-18-skattlegging-av-havbruk-manual-20260209102305-d5e71684-918-20260209102359694-1_0000015_sha256_bea5903adf4be3666f51931ff985788246b56d17ec1186e7eaa09a956ea7b996.pdf,,8503,1270
ukjent_ukjent-avsender_no-uid_34abb6a03d.txt,høringer/ukjent_ukjent-avsender_no-uid_34abb6a03d.txt,ukjent,Ukjent avsender,no-uid,pdf,data/content/nasjonalbiblioteket-svar-horing-prop-78-2022-grunnrenteskatt-laks-manual-20260209222706-4c59c2e3-738-20260209222802380-0_0000041_sha256_41a49c376b8dcb175bf2a7de42fa1d2ebbfcf633ac63c72eb320b33e26f4bd46.pdf,,3463,492
ukjent_ukjent-avsender_no-uid_38bedd71c2.txt,høringer/ukjent_ukjent-avsender_no-uid_38bedd71c2.txt,ukjent,Ukjent avsender,no-uid,pdf,data/content/nasjonalbiblioteket-svar-horing-nou-2019-18-skattlegging-av-havbruk-manual-20260209102305-d5e71684-918-20260209102358003-0_0000056_sha256_458adf8fb53ef6d5f710bcd3ac1e88d31e9617a7443aaaf126072bf8a8c948af.pdf,,6159,918
ukjent_ukjent-avsender_no-uid_390aa1ca23.txt,høringer/ukjent_ukjent-avsender_no-uid_390aa1ca23.txt,ukjent,Ukjent avsender,no-uid,pdf,data/content/nasjonalbiblioteket-svar-horing-prop-78-2022-grunnrenteskatt-laks-manual-20260209222706-4c59c2e3-738-20260209222802945-1_0000197_sha256_c5362b9b0fba0003d8d4ffca9ed5a60eca692fe31a279b6c02bfc3b06243542c.pdf,,24811,3495
ukjent_ukjent-avsender_no-uid_392363c125.txt,høringer/ukjent_ukjent-avsender_no-uid_392363c125.txt,ukjent,Ukjent avsender,no-uid,pdf,data/content/nasjonalbiblioteket-svar-horing-prop-78-2022-grunnrenteskatt-laks-manual-20260209222706-4c59c2e3-738-20260209222802380-0_0000129_sha256_965065611ce63f151518577c021a786cd7a154aa1855be215e45e52931cd5815.pdf,,5437,780
ukjent_ukjent-avsender_no-uid_3936ae3224.txt,høringer/ukjent_ukjent-avsender_no-uid_3936ae3224.txt,ukjent,Ukjent avsender,no-uid,pdf,data/content/nasjonalbiblioteket-svar-horing-prop-78-2022-grunnrenteskatt-laks-manual-20260209222706-4c59c2e3-738-20260209222802380-0_0000006_sha256_721886060ad40f49b11013005f7301136a66e22ed64f516ec7edf03014dc4a5f.pdf,,8454,1155
ukjent_ukjent-avsender_no-uid_3bac8b5b30.txt,høringer/ukjent_ukjent-avsender_no-uid_3bac8b5b30.txt,ukjent,Ukjent avsender,no-uid,pdf,data/content/nasjonalbiblioteket-svar-horing-prop-78-2022-grunnrenteskatt-laks-manual-20260209222706-4c59c2e3-738-20260209222802945-1_0000103_sha256_4e86e9356e16af6bd65514eb616a555e1dcb1d83a867f35466b3a39b85dffc8c.pdf,,2500,351
ukjent_ukjent-avsender_no-uid_3d313bad36.txt,høringer/ukjent_ukjent-avsender_no-uid_3d313bad36.txt,ukjent,Ukjent avsender,no-uid,pdf,data/content/nasjonalbiblioteket-svar-horing-nou-2019-18-skattlegging-av-havbruk-manual-20260209102305-d5e71684-918-20260209102358003-0_0000031_sha256_39e73133dfd1919a486310b1be697c57af3e505e10c438f898bf148f18f13ff8.pdf,,4676,680
ukjent_ukjent-avsender_no-uid_415a135318.txt,høringer/ukjent_ukjent-avsender_no-uid_415a135318.txt,ukjent,Ukjent avsender,no-uid,pdf,data/content/nasjonalbiblioteket-svar-horing-prop-78-2022-grunnrenteskatt-laks-manual-20260209222706-4c59c2e3-738-20260209222802945-1_0000088_sha256_0afad9aeac550dce058731dbda32cc876f3192a188be55b941114cce96790ec5.pdf,,1037,176
ukjent_ukjent-avsender_no-uid_41feae56c6.txt,høringer/ukjent_ukjent-avsender_no-uid_41feae56c6.txt,ukjent,Ukjent avsender,no-uid,pdf,data/content/nasjonalbiblioteket-svar-horing-nou-2019-18-skattlegging-av-havbruk-manual-20260209102305-d5e71684-918-20260209102359694-1_0000029_sha256_9a7435a1ba7f8f16cddc0e2d22afa5c74b6c3201284ac22919b4b364332201ed.pdf,,1857,265
ukjent_ukjent-avsender_no-uid_442601f721.txt,høringer/ukjent_ukjent-avsender_no-uid_442601f721.txt,ukjent,Ukjent avsender,no-uid,pdf,data/content/nasjonalbiblioteket-svar-horing-nou-2019-18-skattlegging-av-havbruk-manual-20260209102305-d5e71684-918-20260209102359694-1_0000017_sha256_6fc10bff8e4f59cdd5cc45cd3196af21370a2cc65303736745d62b1c9aaab347.pdf,,5017,691
ukjent_ukjent-avsender_no-uid_455a2d787b.txt,høringer/ukjent_ukjent-avsender_no-uid_455a2d787b.txt,ukjent,Ukjent avsender,no-uid,pdf,data/content/nasjonalbiblioteket-svar-horing-prop-78-2022-grunnrenteskatt-laks-manual-20260209222706-4c59c2e3-738-20260209222802380-0_0000122_sha256_489e9c9426602cd35e8ed9844ad3459bee850a35894d26d4d284bca056d58291.pdf,,8778,1202
ukjent_ukjent-avsender_no-uid_458ba4a034.txt,høringer/ukjent_ukjent-avsender_no-uid_458ba4a034.txt,ukjent,Ukjent avsender,no-uid,pdf,data/content/nasjonalbiblioteket-svar-horing-prop-78-2022-grunnrenteskatt-laks-manual-20260209222706-4c59c2e3-738-20260209222802380-0_0000165_sha256_0666c8f128e2f55776e598f9d536554470125e2153a7c48f5f0164de3e66e95e.pdf,,32289,4963
ukjent_ukjent-avsender_no-uid_4604bcdfcd.txt,høringer/ukjent_ukjent-avsender_no-uid_4604bcdfcd.txt,ukjent,Ukjent avsender,no-uid,pdf,data/content/nasjonalbiblioteket-svar-horing-prop-78-2022-grunnrenteskatt-laks-manual-20260209222706-4c59c2e3-738-20260209222802945-1_0000052_sha256_0449cc61dd04ddf5663cdfe46f62737fa81c95bff69e86588e3ccd529294d229.pdf,,6663,971
ukjent_ukjent-avsender_no-uid_46f7396530.txt,høringer/ukjent_ukjent-avsender_no-uid_46f7396530.txt,ukjent,Ukjent avsender,no-uid,pdf,data/content/nasjonalbiblioteket-svar-horing-prop-78-2022-grunnrenteskatt-laks-manual-20260209222706-4c59c2e3-738-20260209222802380-0_0000063_sha256_b5e707dd3835de59bebeb258855be6ad8eb9d236e25a1226aea2204354d2513b.pdf,,4782,690
ukjent_ukjent-avsender_no-uid_49f367d529.txt,høringer/ukjent_ukjent-avsender_no-uid_49f367d529.txt,ukjent,Ukjent avsender,no-uid,pdf,data/content/nasjonalbiblioteket-svar-horing-nou-2019-18-skattlegging-av-havbruk-manual-20260209102305-d5e71684-918-20260209102358003-0_0000001_sha256_7ae38b8a0ac1bcc8af67eeda217e34547ab7e5320dae40d5136ff297cec3632b.pdf,,6265,880
ukjent_ukjent-avsender_no-uid_4b68c28cc8.txt,høringer/ukjent_ukjent-avsender_no-uid_4b68c28cc8.txt,ukjent,Ukjent avsender,no-uid,pdf,data/content/nasjonalbiblioteket-svar-horing-prop-78-2022-grunnrenteskatt-laks-manual-20260209222706-4c59c2e3-738-20260209222802380-0_0000092_sha256_b8080b6280e96dfe891a2608d0992ad4c5c90985a1c59745aa0b94b85360bb14.pdf,,4665,666
ukjent_ukjent-avsender_no-uid_4d0619d353.txt,høringer/ukjent_ukjent-avsender_no-uid_4d0619d353.txt,ukjent,Ukjent avsender,no-uid,pdf,data/content/nasjonalbiblioteket-svar-horing-prop-78-2022-grunnrenteskatt-laks-manual-20260209222706-4c59c2e3-738-20260209222802945-1_0000205_sha256_1993f5514d3490a55b132d26380039ee91d61037aa4541b98832961bf16cb1cf.pdf,,4181,622
ukjent_ukjent-avsender_no-uid_4def8d753c.txt,høringer/ukjent_ukjent-avsender_no-uid_4def8d753c.txt,ukjent,Ukjent avsender,no-uid,pdf,data/content/nasjonalbiblioteket-svar-horing-prop-78-2022-grunnrenteskatt-laks-manual-20260209222706-4c59c2e3-738-20260209222802945-1_0000187_sha256_175e157881aa24a97c69c1103244dea98bad9c111f38e583bed14869cc3d7026.pdf,,11480,1653
ukjent_ukjent-avsender_no-uid_4f4f8e1241.txt,høringer/ukjent_ukjent-avsender_no-uid_4f4f8e1241.txt,ukjent,Ukjent avsender,no-uid,pdf,data/content/nasjonalbiblioteket-svar-horing-prop-78-2022-grunnrenteskatt-laks-manual-20260209222706-4c59c2e3-738-20260209222802945-1_0000011_sha256_17282d6c668b88c3f8e26a65fc3deaee3a77187d5a2f5609fb4b6e13526f2c96.pdf,,3615,571
ukjent_ukjent-avsender_no-uid_4f6df27003.txt,høringer/ukjent_ukjent-avsender_no-uid_4f6df27003.txt,ukjent,Ukjent avsender,no-uid,pdf,data/content/nasjonalbiblioteket-svar-horing-nou-2019-18-skattlegging-av-havbruk-manual-20260209102305-d5e71684-918-20260209102358003-0_0000069_sha256_daacf5de00b48edb3bb07396268bffbb45c80bf48a58bf387df852db0b129c57.pdf,,2430,358
ukjent_ukjent-avsender_no-uid_5133b0793a.txt,høringer/ukjent_ukjent-avsender_no-uid_5133b0793a.txt,ukjent,Ukjent avsender,no-uid,pdf,data/content/nasjonalbiblioteket-svar-horing-prop-78-2022-grunnrenteskatt-laks-manual-20260209222706-4c59c2e3-738-20260209222802945-1_0000184_sha256_2aad86550d5c96227ec9447068eed4c99a5f4c7eecd6ba7062ad2e94691bf4e2.pdf,,14299,2074
ukjent_ukjent-avsender_no-uid_52130522a0.txt,høringer/ukjent_ukjent-avsender_no-uid_52130522a0.txt,ukjent,Ukjent avsender,no-uid,pdf,data/content/nasjonalbiblioteket-svar-horing-prop-78-2022-grunnrenteskatt-laks-manual-20260209222706-4c59c2e3-738-20260209222802380-0_0000097_sha256_7fc701b8bd87a18d83bbc5b8e8b7910a3850abedcff933bfa578b7b43108ad01.pdf,,3672,532
ukjent_ukjent-avsender_no-uid_5749e31fb7.txt,høringer/ukjent_ukjent-avsender_no-uid_5749e31fb7.txt,ukjent,Ukjent avsender,no-uid,pdf,data/content/nasjonalbiblioteket-svar-horing-prop-78-2022-grunnrenteskatt-laks-manual-20260209222706-4c59c2e3-738-20260209222802945-1_0000053_sha256_467537ba56113e625e09d493b73d483b9105d2350ee5a1fe4bc10fe8703b6751.pdf,,7051,1037
ukjent_ukjent-avsender_no-uid_576fef671e.txt,høringer/ukjent_ukjent-avsender_no-uid_576fef671e.txt,ukjent,Ukjent avsender,no-uid,pdf,data/content/nasjonalbiblioteket-svar-horing-prop-78-2022-grunnrenteskatt-laks-manual-20260209222706-4c59c2e3-738-20260209222802380-0_0000085_sha256_65e9c70c28717cddc6d2574996c66847edf78cf2a803535fe355ed8dc04ede42.pdf,,1028,176
ukjent_ukjent-avsender_no-uid_58d067208a.txt,høringer/ukjent_ukjent-avsender_no-uid_58d067208a.txt,ukjent,Ukjent avsender,no-uid,pdf,data/content/nasjonalbiblioteket-svar-horing-prop-78-2022-grunnrenteskatt-laks-manual-20260209222706-4c59c2e3-738-20260209222802380-0_0000127_sha256_ba01722c6a343f99dac82d701f0aca092428d7e4e5cab5038397ab2e37c27697.pdf,,102567,15174
ukjent_ukjent-avsender_no-uid_5aacfae4e4.txt,høringer/ukjent_ukjent-avsender_no-uid_5aacfae4e4.txt,ukjent,Ukjent avsender,no-uid,pdf,data/content/nasjonalbiblioteket-svar-horing-prop-78-2022-grunnrenteskatt-laks-manual-20260209222706-4c59c2e3-738-20260209222802380-0_0000184_sha256_85c1268a230545fca1b9ca4b2c42435ae27163de099ccce6bf9c5eec666de3b8.pdf,,82111,12259
ukjent_ukjent-avsender_no-uid_5d9b9e9d15.txt,høringer/ukjent_ukjent-avsender_no-uid_5d9b9e9d15.txt,ukjent,Ukjent avsender,no-uid,pdf,data/content/nasjonalbiblioteket-svar-horing-prop-78-2022-grunnrenteskatt-laks-manual-20260209222706-4c59c2e3-738-20260209222802945-1_0000161_sha256_deb8afe661cd34ceb0ce12e22dd73a46b9d7e86b0730206631e96deb50691c80.pdf,,17616,2718
ukjent_ukjent-avsender_no-uid_5eaf170d5c.txt,høringer/ukjent_ukjent-avsender_no-uid_5eaf170d5c.txt,ukjent,Ukjent avsender,no-uid,pdf,data/content/nasjonalbiblioteket-svar-horing-nou-2019-18-skattlegging-av-havbruk-manual-20260209102305-d5e71684-918-20260209102358003-0_0000074_sha256_e2062a209f36fc064ceb579b3c83a797942188ee572f31425fa1103510bd4cf7.pdf,,3237,487
ukjent_ukjent-avsender_no-uid_5ec0377074.txt,høringer/ukjent_ukjent-avsender_no-uid_5ec0377074.txt,ukjent,Ukjent avsender,no-uid,pdf,data/content/nasjonalbiblioteket-svar-horing-prop-78-2022-grunnrenteskatt-laks-manual-20260209222706-4c59c2e3-738-20260209222802945-1_0000066_sha256_03f84107aa88f53222585ffd17c63fdc6cab6d8b0b4ee8d589b9fc6c1b70b8c2.pdf,,2766,413
ukjent_ukjent-avsender_no-uid_61427a99e1.txt,høringer/ukjent_ukjent-avsender_no-uid_61427a99e1.txt,ukjent,Ukjent avsender,no-uid,pdf,data/content/nasjonalbiblioteket-svar-horing-nou-2019-18-skattlegging-av-havbruk-manual-20260209102305-d5e71684-918-20260209102359694-1_0000018_sha256_9ca53a79befd87af819348f07bee11073f19223d036747ccb497d572dff35f52.pdf,,15901,2233
ukjent_ukjent-avsender_no-uid_62a2d16b2c.txt,høringer/ukjent_ukjent-avsender_no-uid_62a2d16b2c.txt,ukjent,Ukjent avsender,no-uid,pdf,data/content/nasjonalbiblioteket-svar-horing-nou-2019-18-skattlegging-av-havbruk-manual-20260209102305-d5e71684-918-20260209102358003-0_0000029_sha256_19f9bc32cedd302e74552f4e3d2fbcafecf32cda8c82edd58cc7c26e7b469930.pdf,,39797,5562
ukjent_ukjent-avsender_no-uid_63230cfc66.txt,høringer/ukjent_ukjent-avsender_no-uid_63230cfc66.txt,ukjent,Ukjent avsender,no-uid,pdf,data/content/nasjonalbiblioteket-svar-horing-prop-78-2022-grunnrenteskatt-laks-manual-20260209222706-4c59c2e3-738-20260209222802945-1_0000162_sha256_6b49633a811bbf7d14bff3ab57ee0d072f8e0778239b86fd7d35dc629357c4eb.pdf,,1594,250
ukjent_ukjent-avsender_no-uid_6549e231f6.txt,høringer/ukjent_ukjent-avsender_no-uid_6549e231f6.txt,ukjent,Ukjent avsender,no-uid,pdf,data/content/nasjonalbiblioteket-svar-horing-prop-78-2022-grunnrenteskatt-laks-manual-20260209222706-4c59c2e3-738-20260209222802380-0_0000178_sha256_700567f69d019ac2a08f94b41a926fec1521e148b9b6694a72e1593b646cdc48.pdf,,3215,521
ukjent_ukjent-avsender_no-uid_6553397a7a.txt,høringer/ukjent_ukjent-avsender_no-uid_6553397a7a.txt,ukjent,Ukjent avsender,no-uid,pdf,data/content/nasjonalbiblioteket-svar-horing-prop-78-2022-grunnrenteskatt-laks-manual-20260209222706-4c59c2e3-738-20260209222802945-1_0000219_sha256_7d7845072db8ad6be71545be14ae9ff25aa3295e9ac4a5f08dcc0a61e86dd929.pdf,,14806,2142
ukjent_ukjent-avsender_no-uid_66a43fa7ee.txt,høringer/ukjent_ukjent-avsender_no-uid_66a43fa7ee.txt,ukjent,Ukjent avsender,no-uid,pdf,data/content/nasjonalbiblioteket-svar-horing-prop-78-2022-grunnrenteskatt-laks-manual-20260209222706-4c59c2e3-738-20260209222802380-0_0000169_sha256_b11988becd6cda2539850a86d9b4db3b830572d555cea51c8df9feec1e109916.pdf,,60781,8927
ukjent_ukjent-avsender_no-uid_672ddfbe56.txt,høringer/ukjent_ukjent-avsender_no-uid_672ddfbe56.txt,ukjent,Ukjent avsender,no-uid,pdf,data/content/nasjonalbiblioteket-svar-horing-nou-2019-18-skattlegging-av-havbruk-manual-20260209102305-d5e71684-918-20260209102358003-0_0000061_sha256_b937be6c57fe129bea4ac493905fca1364ee85f0c982bccc4c2f06420771bc19.pdf,,12320,1846
ukjent_ukjent-avsender_no-uid_6745c53540.txt,høringer/ukjent_ukjent-avsender_no-uid_6745c53540.txt,ukjent,Ukjent avsender,no-uid,pdf,data/content/nasjonalbiblioteket-svar-horing-prop-78-2022-grunnrenteskatt-laks-manual-20260209222706-4c59c2e3-738-20260209222802945-1_0000024_sha256_d9e15f1a34f74d5dcf37b2fdf12d4bd8b1448065c500d246c695f9fb137c6176.pdf,,7786,1178
ukjent_ukjent-avsender_no-uid_674f7e154b.txt,høringer/ukjent_ukjent-avsender_no-uid_674f7e154b.txt,ukjent,Ukjent avsender,no-uid,pdf,data/content/nasjonalbiblioteket-svar-horing-prop-78-2022-grunnrenteskatt-laks-manual-20260209222706-4c59c2e3-738-20260209222802945-1_0000104_sha256_a7a3e1d515df40ba063189e507fb437b91fd1e95b0215ab6c8890be792364ca5.pdf,,9606,1343
ukjent_ukjent-avsender_no-uid_6a583341cb.txt,høringer/ukjent_ukjent-avsender_no-uid_6a583341cb.txt,ukjent,Ukjent avsender,no-uid,pdf,data/content/nasjonalbiblioteket-svar-horing-nou-2019-18-skattlegging-av-havbruk-manual-20260209102305-d5e71684-918-20260209102359694-1_0000020_sha256_af82d756f8a97dc0885efa0cba445df098f8ed6e1b55e7160627a3105e5322b7.pdf,,3138,458
ukjent_ukjent-avsender_no-uid_6d07619611.txt,høringer/ukjent_ukjent-avsender_no-uid_6d07619611.txt,ukjent,Ukjent avsender,no-uid,pdf,data/content/nasjonalbiblioteket-svar-horing-nou-2019-18-skattlegging-av-havbruk-manual-20260209102305-d5e71684-918-20260209102358003-0_0000037_sha256_07cb090348981d667e5aca295d3f9d1326714e5ec50ea09dbd9cac971f570f55.pdf,,11475,1719
ukjent_ukjent-avsender_no-uid_6dcb487f6f.txt,høringer/ukjent_ukjent-avsender_no-uid_6dcb487f6f.txt,ukjent,Ukjent avsender,no-uid,pdf,data/content/nasjonalbiblioteket-svar-horing-prop-78-2022-grunnrenteskatt-laks-manual-20260209222706-4c59c2e3-738-20260209222802945-1_0000084_sha256_9624a6afbc9599ab75951e5901c602096577eb5ab550b5d0435f73f7a1eec88f.pdf,,16498,2630
ukjent_ukjent-avsender_no-uid_6e797bbba1.txt,høringer/ukjent_ukjent-avsender_no-uid_6e797bbba1.txt,ukjent,Ukjent avsender,no-uid,pdf,data/content/nasjonalbiblioteket-svar-horing-prop-78-2022-grunnrenteskatt-laks-manual-20260209222706-4c59c2e3-738-20260209222802945-1_0000037_sha256_7a5659d27099bb75ddbcdbb99399371eb97bd1eea992f4aedae5b8b2202b9784.pdf,,6645,1022
ukjent_ukjent-avsender_no-uid_70652b6b32.txt,høringer/ukjent_ukjent-avsender_no-uid_70652b6b32.txt,ukjent,Ukjent avsender,no-uid,pdf,data/content/nasjonalbiblioteket-svar-horing-prop-78-2022-grunnrenteskatt-laks-manual-20260209222706-4c59c2e3-738-20260209222802380-0_0000111_sha256_e0fe9479ede09e76cb1a00ca087d67c32d5f6c67815d74ff2858e17d06462bac.pdf,,1751,261
ukjent_ukjent-avsender_no-uid_7140727259.txt,høringer/ukjent_ukjent-avsender_no-uid_7140727259.txt,ukjent,Ukjent avsender,no-uid,pdf,data/content/nasjonalbiblioteket-svar-horing-prop-78-2022-grunnrenteskatt-laks-manual-20260209222706-4c59c2e3-738-20260209222802945-1_0000199_sha256_63ab163526ea9a7bfba549412984ea45f969c9c2b782e25010a4dbda0786c17d.pdf,,4028,609
ukjent_ukjent-avsender_no-uid_721defd355.txt,høringer/ukjent_ukjent-avsender_no-uid_721defd355.txt,ukjent,Ukjent avsender,no-uid,pdf,data/content/nasjonalbiblioteket-svar-horing-prop-78-2022-grunnrenteskatt-laks-manual-20260209222706-4c59c2e3-738-20260209222802945-1_0000178_sha256_85c1268a230545fca1b9ca4b2c42435ae27163de099ccce6bf9c5eec666de3b8.pdf,,82111,12259
ukjent_ukjent-avsender_no-uid_725f474849.txt,høringer/ukjent_ukjent-avsender_no-uid_725f474849.txt,ukjent,Ukjent avsender,no-uid,pdf,data/content/nasjonalbiblioteket-svar-horing-prop-78-2022-grunnrenteskatt-laks-manual-20260209222706-4c59c2e3-738-20260209222802945-1_0000113_sha256_0855b44f404e1c24ccbe2fde72c4b35ce620179cd5a6d2f7c12cc99416312eb7.pdf,,8720,1289
ukjent_ukjent-avsender_no-uid_726c06fd1e.txt,høringer/ukjent_ukjent-avsender_no-uid_726c06fd1e.txt,ukjent,Ukjent avsender,no-uid,pdf,data/content/nasjonalbiblioteket-svar-horing-prop-78-2022-grunnrenteskatt-laks-manual-20260209222706-4c59c2e3-738-20260209222802945-1_0000020_sha256_b7ecb5623261258c9bf548e528cc2de4e3a7bd00b00f5dc8d123e176ffc73abf.pdf,,10842,1515
ukjent_ukjent-avsender_no-uid_727aa42b7f.txt,høringer/ukjent_ukjent-avsender_no-uid_727aa42b7f.txt,ukjent,Ukjent avsender,no-uid,pdf,data/content/nasjonalbiblioteket-svar-horing-prop-78-2022-grunnrenteskatt-laks-manual-20260209222706-4c59c2e3-738-20260209222802945-1_0000139_sha256_4f97eb39c9a83d0120cb4b75e4f33d66224536463b836c3170245033f73946d8.pdf,,1575,224
ukjent_ukjent-avsender_no-uid_72cfcb3b60.txt,høringer/ukjent_ukjent-avsender_no-uid_72cfcb3b60.txt,ukjent,Ukjent avsender,no-uid,pdf,data/content/nasjonalbiblioteket-svar-horing-prop-78-2022-grunnrenteskatt-laks-manual-20260209222706-4c59c2e3-738-20260209222802380-0_0000062_sha256_4a4dc0bd0a73e93e41996350d0868f5fbdf03ad689d961ceaa69ee4aa6d48e86.pdf,,2121,292
ukjent_ukjent-avsender_no-uid_72d6e30432.txt,høringer/ukjent_ukjent-avsender_no-uid_72d6e30432.txt,ukjent,Ukjent avsender,no-uid,pdf,data/content/nasjonalbiblioteket-svar-horing-prop-78-2022-grunnrenteskatt-laks-manual-20260209222706-4c59c2e3-738-20260209222802945-1_0000180_sha256_2aad86550d5c96227ec9447068eed4c99a5f4c7eecd6ba7062ad2e94691bf4e2.pdf,,14299,2074
ukjent_ukjent-avsender_no-uid_74b5185c01.txt,høringer/ukjent_ukjent-avsender_no-uid_74b5185c01.txt,ukjent,Ukjent avsender,no-uid,pdf,data/content/nasjonalbiblioteket-svar-horing-nou-2019-18-skattlegging-av-havbruk-manual-20260209102305-d5e71684-918-20260209102358003-0_0000019_sha256_97c7c7a7d59103a3396fe86ee5e5121473e073433f703b9c0fb6fce47990b6b3.pdf,,11928,1786
ukjent_ukjent-avsender_no-uid_74ef474da2.txt,høringer/ukjent_ukjent-avsender_no-uid_74ef474da2.txt,ukjent,Ukjent avsender,no-uid,pdf,data/content/nasjonalbiblioteket-svar-horing-prop-78-2022-grunnrenteskatt-laks-manual-20260209222706-4c59c2e3-738-20260209222802945-1_0000015_sha256_88428a87d15cc3d93705fec20369ede169f2893bca84815f182bf99b4f10044d.pdf,,3179,487
ukjent_ukjent-avsender_no-uid_7526e4e1fd.txt,høringer/ukjent_ukjent-avsender_no-uid_7526e4e1fd.txt,ukjent,Ukjent avsender,no-uid,pdf,data/content/nasjonalbiblioteket-svar-horing-prop-78-2022-grunnrenteskatt-laks-manual-20260209222706-4c59c2e3-738-20260209222802380-0_0000047_sha256_cb120787d0876d6958c3c557622976d170b69b4546e15fdc98ed856c33e6342c.pdf,,2867,400
ukjent_ukjent-avsender_no-uid_776abb482a.txt,høringer/ukjent_ukjent-avsender_no-uid_776abb482a.txt,ukjent,Ukjent avsender,no-uid,pdf,data/content/nasjonalbiblioteket-svar-horing-prop-78-2022-grunnrenteskatt-laks-manual-20260209222706-4c59c2e3-738-20260209222802380-0_0000050_sha256_734b64d1824840bbd7452f7259fbc409138cf5d319b1a1247c414896c270ab9a.pdf,,5451,789
ukjent_ukjent-avsender_no-uid_783ca679d6.txt,høringer/ukjent_ukjent-avsender_no-uid_783ca679d6.txt,ukjent,Ukjent avsender,no-uid,pdf,data/content/nasjonalbiblioteket-svar-horing-prop-78-2022-grunnrenteskatt-laks-manual-20260209222706-4c59c2e3-738-20260209222802380-0_0000072_sha256_2203c768907aa6e6bf844c7176b028c98c9040bf6d2d418d4ff131a31a206f76.pdf,,2377,359
ukjent_ukjent-avsender_no-uid_79d43a1719.txt,høringer/ukjent_ukjent-avsender_no-uid_79d43a1719.txt,ukjent,Ukjent avsender,no-uid,pdf,data/content/nasjonalbiblioteket-svar-horing-nou-2019-18-skattlegging-av-havbruk-manual-20260209102305-d5e71684-918-20260209102358003-0_0000013_sha256_8b966f1d402b56f5701d73f6f07427dfb74a02f74830d3e92d066056d8422736.pdf,,3400,485
ukjent_ukjent-avsender_no-uid_7b503e4ec5.txt,høringer/ukjent_ukjent-avsender_no-uid_7b503e4ec5.txt,ukjent,Ukjent avsender,no-uid,pdf,data/content/nasjonalbiblioteket-svar-horing-prop-78-2022-grunnrenteskatt-laks-manual-20260209222706-4c59c2e3-738-20260209222802945-1_0000036_sha256_a843ac27a648567c14cf4a93213d1ab329c6c93e1e5650bcf8f8e600f74e472a.pdf,,2452,378
ukjent_ukjent-avsender_no-uid_7bb4d2f284.txt,høringer/ukjent_ukjent-avsender_no-uid_7bb4d2f284.txt,ukjent,Ukjent avsender,no-uid,pdf,data/content/nasjonalbiblioteket-svar-horing-nou-2019-18-skattlegging-av-havbruk-manual-20260209102305-d5e71684-918-20260209102358003-0_0000043_sha256_36e42f3c9a467857302ff20827c8973b6b68133aa8c11c08d2ac66c51b4a9c18.pdf,,2830,395
ukjent_ukjent-avsender_no-uid_7ce3d9fe78.txt,høringer/ukjent_ukjent-avsender_no-uid_7ce3d9fe78.txt,ukjent,Ukjent avsender,no-uid,pdf,data/content/nasjonalbiblioteket-svar-horing-prop-78-2022-grunnrenteskatt-laks-manual-20260209222706-4c59c2e3-738-20260209222802380-0_0000005_sha256_5908e9b0866354337f627c8117d927d36e16a85021974e1f35e6e893b0df38cd.pdf,,12283,1780
ukjent_ukjent-avsender_no-uid_7e2e3c5677.txt,høringer/ukjent_ukjent-avsender_no-uid_7e2e3c5677.txt,ukjent,Ukjent avsender,no-uid,pdf,data/content/nasjonalbiblioteket-svar-horing-prop-78-2022-grunnrenteskatt-laks-manual-20260209222706-4c59c2e3-738-20260209222802380-0_0000083_sha256_5a8e5cf8dda3c5ea413e30ddca0ead7ba1a7091517ae2d74007029603f63e8ac.pdf,,11547,1601
ukjent_ukjent-avsender_no-uid_7fba21c171.txt,høringer/ukjent_ukjent-avsender_no-uid_7fba21c171.txt,ukjent,Ukjent avsender,no-uid,pdf,data/content/nasjonalbiblioteket-svar-horing-nou-2019-18-skattlegging-av-havbruk-manual-20260209102305-d5e71684-918-20260209102358003-0_0000059_sha256_8b3f2e8c848e60b54f64a4cdd7304110a29e815cb7a6fa6e5ffac62fe3c5b38b.pdf,,96454,13980
ukjent_ukjent-avsender_no-uid_7fbb3d68d3.txt,høringer/ukjent_ukjent-avsender_no-uid_7fbb3d68d3.txt,ukjent,Ukjent avsender,no-uid,pdf,data/content/nasjonalbiblioteket-svar-horing-prop-78-2022-grunnrenteskatt-laks-manual-20260209222706-4c59c2e3-738-20260209222802945-1_0000198_sha256_de4bac44eb55697ebf8c465390dcc473e4947ec4650fcc323a2a67c6168ac629.pdf,,8728,1267
ukjent_ukjent-avsender_no-uid_7ffa0b19c8.txt,høringer/ukjent_ukjent-avsender_no-uid_7ffa0b19c8.txt,ukjent,Ukjent avsender,no-uid,pdf,data/content/nasjonalbiblioteket-svar-horing-prop-78-2022-grunnrenteskatt-laks-manual-20260209222706-4c59c2e3-738-20260209222802380-0_0000182_sha256_b5715e9467bd953b85e7080301261c85b26e9d6f5d55468a896824f93cf5b579.pdf,,5940,864
ukjent_ukjent-avsender_no-uid_8099d511c9.txt,høringer/ukjent_ukjent-avsender_no-uid_8099d511c9.txt,ukjent,Ukjent avsender,no-uid,pdf,data/content/nasjonalbiblioteket-svar-horing-nou-2019-18-skattlegging-av-havbruk-manual-20260209102305-d5e71684-918-20260209102358003-0_0000006_sha256_8abf7efdf78b50a4e759c259199ffa9b3ac66b35671dc3bee57b8d7ee6dbc1f9.pdf,,4807,750
ukjent_ukjent-avsender_no-uid_810c4fb08d.txt,høringer/ukjent_ukjent-avsender_no-uid_810c4fb08d.txt,ukjent,Ukjent avsender,no-uid,pdf,data/content/nasjonalbiblioteket-svar-horing-prop-78-2022-grunnrenteskatt-laks-manual-20260209222706-4c59c2e3-738-20260209222802380-0_0000108_sha256_9dbcf1001d035b6aec510768a8e61ebac0ccbee814ce167d9d158b3faabcee19.pdf,,7984,1120
ukjent_ukjent-avsender_no-uid_82e3853541.txt,høringer/ukjent_ukjent-avsender_no-uid_82e3853541.txt,ukjent,Ukjent avsender,no-uid,pdf,data/content/nasjonalbiblioteket-svar-horing-nou-2019-18-skattlegging-av-havbruk-manual-20260209102305-d5e71684-918-20260209102359694-1_0000039_sha256_cb2f5674e946a6cd8ae0c298f81b2c1aaf14d5a6f8b38f57d52063e929ce3109.pdf,,2910,407
ukjent_ukjent-avsender_no-uid_830ee49d44.txt,høringer/ukjent_ukjent-avsender_no-uid_830ee49d44.txt,ukjent,Ukjent avsender,no-uid,pdf,data/content/nasjonalbiblioteket-svar-horing-prop-78-2022-grunnrenteskatt-laks-manual-20260209222706-4c59c2e3-738-20260209222802945-1_0000096_sha256_1cb4e59bdfcc4f4679968b72724cfa596dd18ac09272a86d340e6cc94439e8c2.pdf,,10485,1473
ukjent_ukjent-avsender_no-uid_83bbd518d9.txt,høringer/ukjent_ukjent-avsender_no-uid_83bbd518d9.txt,ukjent,Ukjent avsender,no-uid,pdf,data/content/nasjonalbiblioteket-svar-horing-prop-78-2022-grunnrenteskatt-laks-manual-20260209222706-4c59c2e3-738-20260209222802380-0_0000082_sha256_81d13aba178f2947e00d1db12e4a8e551350e9bdba23dd99900742963439e838.pdf,,21843,3047
ukjent_ukjent-avsender_no-uid_86e3db7637.txt,høringer/ukjent_ukjent-avsender_no-uid_86e3db7637.txt,ukjent,Ukjent avsender,no-uid,pdf,data/content/nasjonalbiblioteket-svar-horing-prop-78-2022-grunnrenteskatt-laks-manual-20260209222706-4c59c2e3-738-20260209222802380-0_0000175_sha256_d2fcbb880342cba8110ca74fe414a4518bf32fd74e784490430c2ea2faa5ebca.pdf,,2118,325
ukjent_ukjent-avsender_no-uid_884312e086.txt,høringer/ukjent_ukjent-avsender_no-uid_884312e086.txt,ukjent,Ukjent avsender,no-uid,pdf,data/content/nasjonalbiblioteket-svar-horing-nou-2019-18-skattlegging-av-havbruk-manual-20260209102305-d5e71684-918-20260209102359694-1_0000031_sha256_91c2a69c1e7bc37836b6eb08de95df34f1d5dfaabaa4d38e012790a55b205c44.pdf,,14793,2216
ukjent_ukjent-avsender_no-uid_8a01098583.txt,høringer/ukjent_ukjent-avsender_no-uid_8a01098583.txt,ukjent,Ukjent avsender,no-uid,pdf,data/content/nasjonalbiblioteket-svar-horing-prop-78-2022-grunnrenteskatt-laks-manual-20260209222706-4c59c2e3-738-20260209222802945-1_0000089_sha256_22d9c8df2452223834a2071a5a2219def1c493cbc80d85581de9e31dc82ef8f7.pdf,,19909,2841
ukjent_ukjent-avsender_no-uid_8a0a5923de.txt,høringer/ukjent_ukjent-avsender_no-uid_8a0a5923de.txt,ukjent,Ukjent avsender,no-uid,pdf,data/content/nasjonalbiblioteket-svar-horing-prop-78-2022-grunnrenteskatt-laks-manual-20260209222706-4c59c2e3-738-20260209222802380-0_0000162_sha256_9a338c440880353a8bbc6974960046bbb660123682ddf8e57208759754b64b43.pdf,,13409,1862
ukjent_ukjent-avsender_no-uid_8a927bdbc7.txt,høringer/ukjent_ukjent-avsender_no-uid_8a927bdbc7.txt,ukjent,Ukjent avsender,no-uid,pdf,data/content/nasjonalbiblioteket-svar-horing-prop-78-2022-grunnrenteskatt-laks-manual-20260209222706-4c59c2e3-738-20260209222802380-0_0000115_sha256_cc9daf5125fb5231726c9cbede8a30685afc448c54da2a9156e325873efd84cf.pdf,,29644,4349
ukjent_ukjent-avsender_no-uid_8ac3669164.txt,høringer/ukjent_ukjent-avsender_no-uid_8ac3669164.txt,ukjent,Ukjent avsender,no-uid,pdf,data/content/nasjonalbiblioteket-svar-horing-prop-78-2022-grunnrenteskatt-laks-manual-20260209222706-4c59c2e3-738-20260209222802945-1_0000076_sha256_9ff4a5496923399cfbc3e816bef1ef5e12e610eec4600a2731a2ae608e709637.pdf,,10979,1650
ukjent_ukjent-avsender_no-uid_8b4a05fc14.txt,høringer/ukjent_ukjent-avsender_no-uid_8b4a05fc14.txt,ukjent,Ukjent avsender,no-uid,pdf,data/content/nasjonalbiblioteket-svar-horing-nou-2019-18-skattlegging-av-havbruk-manual-20260209102305-d5e71684-918-20260209102358003-0_0000053_sha256_7937eca9a017bc87b005700725727f150c4bf210685a4f49dd470c85ebb70130.pdf,,5076,688
ukjent_ukjent-avsender_no-uid_8ca59603ea.txt,høringer/ukjent_ukjent-avsender_no-uid_8ca59603ea.txt,ukjent,Ukjent avsender,no-uid,pdf,data/content/nasjonalbiblioteket-svar-horing-prop-78-2022-grunnrenteskatt-laks-manual-20260209222706-4c59c2e3-738-20260209222802380-0_0000051_sha256_61be30240d6c8d08ca09311c71e415d6578662876d9e8db859eae903e32b1755.pdf,,4092,563
ukjent_ukjent-avsender_no-uid_8d30e834ef.txt,høringer/ukjent_ukjent-avsender_no-uid_8d30e834ef.txt,ukjent,Ukjent avsender,no-uid,pdf,data/content/nasjonalbiblioteket-svar-horing-nou-2019-18-skattlegging-av-havbruk-manual-20260209102305-d5e71684-918-20260209102358003-0_0000016_sha256_0420427fe19a71d316bda4bcb98dd573e5e30f29c60334f0a4bd1e44c0cc37a3.pdf,,35629,5793
ukjent_ukjent-avsender_no-uid_8d3448f5c0.txt,høringer/ukjent_ukjent-avsender_no-uid_8d3448f5c0.txt,ukjent,Ukjent avsender,no-uid,pdf,data/content/nasjonalbiblioteket-svar-horing-prop-78-2022-grunnrenteskatt-laks-manual-20260209222706-4c59c2e3-738-20260209222802380-0_0000086_sha256_26b3c2fa530886a9564b5dce27b8472db4496f7ba34a6a7255b4197bea2ec272.pdf,,780,112
ukjent_ukjent-avsender_no-uid_8d83cc6bee.txt,høringer/ukjent_ukjent-avsender_no-uid_8d83cc6bee.txt,ukjent,Ukjent avsender,no-uid,pdf,data/content/nasjonalbiblioteket-svar-horing-prop-78-2022-grunnrenteskatt-laks-manual-20260209222706-4c59c2e3-738-20260209222802945-1_0000035_sha256_8c2c4cf13fac54517aad3a843b964a46a1dd28e7ee5c9e459d6aa13efb963c51.pdf,,30656,4495
ukjent_ukjent-avsender_no-uid_8e1ba6a4aa.txt,høringer/ukjent_ukjent-avsender_no-uid_8e1ba6a4aa.txt,ukjent,Ukjent avsender,no-uid,pdf,data/content/nasjonalbiblioteket-svar-horing-nou-2019-18-skattlegging-av-havbruk-manual-20260209102305-d5e71684-918-20260209102358003-0_0000021_sha256_6aefd71df1929a3e582f77dd89d2ab289dfffdce11a842228da752cc683e93af.pdf,,7100,970
ukjent_ukjent-avsender_no-uid_8e741c0d31.txt,høringer/ukjent_ukjent-avsender_no-uid_8e741c0d31.txt,ukjent,Ukjent avsender,no-uid,pdf,data/content/nasjonalbiblioteket-svar-horing-prop-78-2022-grunnrenteskatt-laks-manual-20260209222706-4c59c2e3-738-20260209222802380-0_0000043_sha256_6f0258419f51cedc1f9fa27739ad8690a9718476871574b7181cce9106d9194d.pdf,,10032,1538
ukjent_ukjent-avsender_no-uid_8ebf249b17.txt,høringer/ukjent_ukjent-avsender_no-uid_8ebf249b17.txt,ukjent,Ukjent avsender,no-uid,pdf,data/content/nasjonalbiblioteket-svar-horing-nou-2019-18-skattlegging-av-havbruk-manual-20260209102305-d5e71684-918-20260209102359694-1_0000047_sha256_3a077b714beebfa77a750f6d38af15881b2a99d3e01ce09abf75d065467fa75f.pdf,,1870,72
ukjent_ukjent-avsender_no-uid_8f7b3202f8.txt,høringer/ukjent_ukjent-avsender_no-uid_8f7b3202f8.txt,ukjent,Ukjent avsender,no-uid,pdf,data/content/nasjonalbiblioteket-svar-horing-prop-78-2022-grunnrenteskatt-laks-manual-20260209222706-4c59c2e3-738-20260209222802380-0_0000109_sha256_0a57a1318290ff1b6e85d65176591f36a7d4ea0488dde7568567c3bcbecad945.pdf,,35932,5476
ukjent_ukjent-avsender_no-uid_93af99eb41.txt,høringer/ukjent_ukjent-avsender_no-uid_93af99eb41.txt,ukjent,Ukjent avsender,no-uid,pdf,data/content/nasjonalbiblioteket-svar-horing-prop-78-2022-grunnrenteskatt-laks-manual-20260209222706-4c59c2e3-738-20260209222802380-0_0000176_sha256_aa685b75fce9109b10c4a754f39aefc58e6c7591cf7c9566c64ac7879578a553.pdf,,98094,14403
ukjent_ukjent-avsender_no-uid_95c3d306c5.txt,høringer/ukjent_ukjent-avsender_no-uid_95c3d306c5.txt,ukjent,Ukjent avsender,no-uid,pdf,data/content/nasjonalbiblioteket-svar-horing-nou-2019-18-skattlegging-av-havbruk-manual-20260209102305-d5e71684-918-20260209102359694-1_0000044_sha256_398c8116bdc9652ac2d0686300758bed0b2394b1e27729aec870701ea6694c51.pdf,,1601,243
ukjent_ukjent-avsender_no-uid_972651c664.txt,høringer/ukjent_ukjent-avsender_no-uid_972651c664.txt,ukjent,Ukjent avsender,no-uid,pdf,data/content/nasjonalbiblioteket-svar-horing-nou-2019-18-skattlegging-av-havbruk-manual-20260209102305-d5e71684-918-20260209102358003-0_0000039_sha256_c3cf92fac0bece1e5e4e47e9dcfc3a891c781a96e835fbeb17bb41cbad7db6e3.pdf,,2393,361
ukjent_ukjent-avsender_no-uid_97f519fb5c.txt,høringer/ukjent_ukjent-avsender_no-uid_97f519fb5c.txt,ukjent,Ukjent avsender,no-uid,pdf,data/content/nasjonalbiblioteket-svar-horing-prop-78-2022-grunnrenteskatt-laks-manual-20260209222706-4c59c2e3-738-20260209222802945-1_0000080_sha256_c6ebbdd950d81ffe00f62c6bead88a8150291c36625ba2525d894952b567cd11.pdf,,19768,2919
ukjent_ukjent-avsender_no-uid_991eddf629.txt,høringer/ukjent_ukjent-avsender_no-uid_991eddf629.txt,ukjent,Ukjent avsender,no-uid,pdf,data/content/nasjonalbiblioteket-svar-horing-nou-2019-18-skattlegging-av-havbruk-manual-20260209102305-d5e71684-918-20260209102359694-1_0000055_sha256_80bec7079ab8cf98459e36d1880d8b8551b51f4bf342b58b2080e6a30e264534.pdf,,9484,1322
ukjent_ukjent-avsender_no-uid_9a221c165e.txt,høringer/ukjent_ukjent-avsender_no-uid_9a221c165e.txt,ukjent,Ukjent avsender,no-uid,pdf,data/content/nasjonalbiblioteket-svar-horing-prop-78-2022-grunnrenteskatt-laks-manual-20260209222706-4c59c2e3-738-20260209222802945-1_0000030_sha256_5930841e7d0fa009c15df0b695f3ad614a4cd53620c7a73937231a00b31e69ac.pdf,,6135,921
ukjent_ukjent-avsender_no-uid_9a85f3e6b0.txt,høringer/ukjent_ukjent-avsender_no-uid_9a85f3e6b0.txt,ukjent,Ukjent avsender,no-uid,pdf,data/content/nasjonalbiblioteket-svar-horing-prop-78-2022-grunnrenteskatt-laks-manual-20260209222706-4c59c2e3-738-20260209222802380-0_0000132_sha256_6a57f98c4881c546fefe77ac8b90862b944bc3af93c06d921e0bb44bacbc3332.pdf,,8670,1289
ukjent_ukjent-avsender_no-uid_9b027e7fb5.txt,høringer/ukjent_ukjent-avsender_no-uid_9b027e7fb5.txt,ukjent,Ukjent avsender,no-uid,pdf,data/content/nasjonalbiblioteket-svar-horing-prop-78-2022-grunnrenteskatt-laks-manual-20260209222706-4c59c2e3-738-20260209222802380-0_0000004_sha256_9854765e2d18cbd3211a1a2fa88676935b2d85009216452a1fac072c4d67759e.pdf,,3593,547
ukjent_ukjent-avsender_no-uid_9bf88dcc53.txt,høringer/ukjent_ukjent-avsender_no-uid_9bf88dcc53.txt,ukjent,Ukjent avsender,no-uid,pdf,data/content/nasjonalbiblioteket-svar-horing-prop-78-2022-grunnrenteskatt-laks-manual-20260209222706-4c59c2e3-738-20260209222802945-1_0000201_sha256_f1e7493bf037d415bd6c48575eb0114711e5709668001286bb3796b354fd5f7a.pdf,,4261,565
ukjent_ukjent-avsender_no-uid_9ca58df9bf.txt,høringer/ukjent_ukjent-avsender_no-uid_9ca58df9bf.txt,ukjent,Ukjent avsender,no-uid,pdf,data/content/nasjonalbiblioteket-svar-horing-nou-2019-18-skattlegging-av-havbruk-manual-20260209102305-d5e71684-918-20260209102359694-1_0000048_sha256_5bbe914e7cbd3b536663641a830b8602f115b9bea0e0c6a9d32b93dd6ffa2580.pdf,,394456,57575
ukjent_ukjent-avsender_no-uid_9cf8170d8e.txt,høringer/ukjent_ukjent-avsender_no-uid_9cf8170d8e.txt,ukjent,Ukjent avsender,no-uid,pdf,data/content/nasjonalbiblioteket-svar-horing-prop-78-2022-grunnrenteskatt-laks-manual-20260209222706-4c59c2e3-738-20260209222802380-0_0000025_sha256_80dc29a8619ad50186811f9dd6713b28dee7bc8903887acbfa17fc8a9bb1d35a.pdf,,5522,828
ukjent_ukjent-avsender_no-uid_9dfe690564.txt,høringer/ukjent_ukjent-avsender_no-uid_9dfe690564.txt,ukjent,Ukjent avsender,no-uid,pdf,data/content/nasjonalbiblioteket-svar-horing-nou-2019-18-skattlegging-av-havbruk-manual-20260209102305-d5e71684-918-20260209102358003-0_0000012_sha256_39fc55c13d0a0a10aa2ede1caad949ac12e1b0ad44c463d759c89ec64baa809c.pdf,,8503,1270
ukjent_ukjent-avsender_no-uid_9e36612a6c.txt,høringer/ukjent_ukjent-avsender_no-uid_9e36612a6c.txt,ukjent,Ukjent avsender,no-uid,pdf,data/content/nasjonalbiblioteket-svar-horing-prop-78-2022-grunnrenteskatt-laks-manual-20260209222706-4c59c2e3-738-20260209222802945-1_0000077_sha256_1130b5c36d629e3da9a6d5eb32eb7692f3a6dcf131fe9eac4fe41bf33ca9aba1.pdf,,5394,776
ukjent_ukjent-avsender_no-uid_a01bcd05c7.txt,høringer/ukjent_ukjent-avsender_no-uid_a01bcd05c7.txt,ukjent,Ukjent avsender,no-uid,pdf,data/content/nasjonalbiblioteket-svar-horing-nou-2019-18-skattlegging-av-havbruk-manual-20260209102305-d5e71684-918-20260209102359694-1_0000051_sha256_35548a9d59d61c009c9283ca3eec1b6fe0bf9795c45949b74c8e2d453b222799.pdf,,123507,20608
ukjent_ukjent-avsender_no-uid_a17efba957.txt,høringer/ukjent_ukjent-avsender_no-uid_a17efba957.txt,ukjent,Ukjent avsender,no-uid,pdf,data/content/nasjonalbiblioteket-svar-horing-prop-78-2022-grunnrenteskatt-laks-manual-20260209222706-4c59c2e3-738-20260209222802380-0_0000091_sha256_f004e2f665a2e0d07f6b3a4bf9bb869c55db673449758b38e312c9b569205be9.pdf,,2283,360
ukjent_ukjent-avsender_no-uid_a1d03166e4.txt,høringer/ukjent_ukjent-avsender_no-uid_a1d03166e4.txt,ukjent,Ukjent avsender,no-uid,pdf,data/content/nasjonalbiblioteket-svar-horing-prop-78-2022-grunnrenteskatt-laks-manual-20260209222706-4c59c2e3-738-20260209222802945-1_0000016_sha256_b488dc7ad203c913a682fb9f0a89fe47476b01e4d501847d83a87f68a94b66d1.pdf,,1574,227
ukjent_ukjent-avsender_no-uid_a3d8cf78d7.txt,høringer/ukjent_ukjent-avsender_no-uid_a3d8cf78d7.txt,ukjent,Ukjent avsender,no-uid,pdf,data/content/nasjonalbiblioteket-svar-horing-prop-78-2022-grunnrenteskatt-laks-manual-20260209222706-4c59c2e3-738-20260209222802945-1_0000211_sha256_faa1d057ee512d3be44a9edcdf4bba4b1a3c629856f564c5d57b0bcdf7b8c14f.pdf,,4746,704
ukjent_ukjent-avsender_no-uid_a3f9de8a49.txt,høringer/ukjent_ukjent-avsender_no-uid_a3f9de8a49.txt,ukjent,Ukjent avsender,no-uid,pdf,data/content/nasjonalbiblioteket-svar-horing-prop-78-2022-grunnrenteskatt-laks-manual-20260209222706-4c59c2e3-738-20260209222802380-0_0000067_sha256_0111c94819cd6bd78fefa59414fb7b0116ec05b10b903f0f5efdc8492055c8c8.pdf,,4067,626
ukjent_ukjent-avsender_no-uid_a423de770d.txt,høringer/ukjent_ukjent-avsender_no-uid_a423de770d.txt,ukjent,Ukjent avsender,no-uid,pdf,data/content/nasjonalbiblioteket-svar-horing-nou-2019-18-skattlegging-av-havbruk-manual-20260209102305-d5e71684-918-20260209102359694-1_0000032_sha256_b8dd7b016b0874675597194f3591634e87ca0161444348d1966de854a5c5f807.pdf,,25823,4281
ukjent_ukjent-avsender_no-uid_a46cdbe363.txt,høringer/ukjent_ukjent-avsender_no-uid_a46cdbe363.txt,ukjent,Ukjent avsender,no-uid,pdf,data/content/nasjonalbiblioteket-svar-horing-nou-2019-18-skattlegging-av-havbruk-manual-20260209102305-d5e71684-918-20260209102358003-0_0000063_sha256_c881706f131d7e60b5491464c1017fb46350e85fdd7e63a77285230d974f6cf0.pdf,,14094,2010
ukjent_ukjent-avsender_no-uid_a6c70b911a.txt,høringer/ukjent_ukjent-avsender_no-uid_a6c70b911a.txt,ukjent,Ukjent avsender,no-uid,pdf,data/content/nasjonalbiblioteket-svar-horing-prop-78-2022-grunnrenteskatt-laks-manual-20260209222706-4c59c2e3-738-20260209222802945-1_0000003_sha256_5c11e77fc146f745e84c2a2d631ba22b7308431272e551c535786c6d1f5b88aa.pdf,,21230,3124
ukjent_ukjent-avsender_no-uid_a6efc6caf6.txt,høringer/ukjent_ukjent-avsender_no-uid_a6efc6caf6.txt,ukjent,Ukjent avsender,no-uid,pdf,data/content/nasjonalbiblioteket-svar-horing-nou-2019-18-skattlegging-av-havbruk-manual-20260209102305-d5e71684-918-20260209102359694-1_0000006_sha256_838ec3cf0f01e4f15e1b80310f9f35874c603dc87f069dfba99347cf11771545.pdf,,7745,1192
ukjent_ukjent-avsender_no-uid_a77d3f60ce.txt,høringer/ukjent_ukjent-avsender_no-uid_a77d3f60ce.txt,ukjent,Ukjent avsender,no-uid,pdf,data/content/nasjonalbiblioteket-svar-horing-prop-78-2022-grunnrenteskatt-laks-manual-20260209222706-4c59c2e3-738-20260209222802380-0_0000134_sha256_05d6cde0a830e371889d1ba5fde1bb5b4868c8aafd8cfd2b0e3fd40ec64bffdc.pdf,,93086,13804
ukjent_ukjent-avsender_no-uid_a83fe0a573.txt,høringer/ukjent_ukjent-avsender_no-uid_a83fe0a573.txt,ukjent,Ukjent avsender,no-uid,pdf,data/content/nasjonalbiblioteket-svar-horing-prop-78-2022-grunnrenteskatt-laks-manual-20260209222706-4c59c2e3-738-20260209222802945-1_0000200_sha256_10c83b8ea68515535be3c9b77e68d1957c8b9b8adf57507006453131645f77c8.pdf,,3687,534
ukjent_ukjent-avsender_no-uid_a8889c14ce.txt,høringer/ukjent_ukjent-avsender_no-uid_a8889c14ce.txt,ukjent,Ukjent avsender,no-uid,pdf,data/content/nasjonalbiblioteket-svar-horing-prop-78-2022-grunnrenteskatt-laks-manual-20260209222706-4c59c2e3-738-20260209222802945-1_0000064_sha256_22f6e53bdc555bf680b64035329b88f4e25ea7053ddc2acf87788bb4cd74de66.pdf,,4380,625
ukjent_ukjent-avsender_no-uid_a9f324b452.txt,høringer/ukjent_ukjent-avsender_no-uid_a9f324b452.txt,ukjent,Ukjent avsender,no-uid,pdf,data/content/nasjonalbiblioteket-svar-horing-prop-78-2022-grunnrenteskatt-laks-manual-20260209222706-4c59c2e3-738-20260209222802380-0_0000168_sha256_f558c7f3dd9205148e608e86cff8918d0d13dcd71f9d347f21de1fdc7b791a8a.pdf,,56425,8114
ukjent_ukjent-avsender_no-uid_ab2cb4ec83.txt,høringer/ukjent_ukjent-avsender_no-uid_ab2cb4ec83.txt,ukjent,Ukjent avsender,no-uid,pdf,data/content/nasjonalbiblioteket-svar-horing-prop-78-2022-grunnrenteskatt-laks-manual-20260209222706-4c59c2e3-738-20260209222802380-0_0000167_sha256_4bae0a1cde9cb0576f5e2ac2458f30f89cf09490f9354c946e26acaedbfc74be.pdf,,6149,905
ukjent_ukjent-avsender_no-uid_ac9f5570b1.txt,høringer/ukjent_ukjent-avsender_no-uid_ac9f5570b1.txt,ukjent,Ukjent avsender,no-uid,pdf,data/content/nasjonalbiblioteket-svar-horing-prop-78-2022-grunnrenteskatt-laks-manual-20260209222706-4c59c2e3-738-20260209222802380-0_0000128_sha256_ca359a416969a042f8a9cffc3ae5187883b6586d0705ef328c1395b3460e2b13.pdf,,9028,1341
ukjent_ukjent-avsender_no-uid_ae0e511fba.txt,høringer/ukjent_ukjent-avsender_no-uid_ae0e511fba.txt,ukjent,Ukjent avsender,no-uid,pdf,data/content/nasjonalbiblioteket-svar-horing-prop-78-2022-grunnrenteskatt-laks-manual-20260209222706-4c59c2e3-738-20260209222802380-0_0000090_sha256_a1dbe6dc151c71bdfd9a6b584c9d918255e86c1d04f782b76610c1a43b1687eb.pdf,,4373,650
ukjent_ukjent-avsender_no-uid_ae602b8c9d.txt,høringer/ukjent_ukjent-avsender_no-uid_ae602b8c9d.txt,ukjent,Ukjent avsender,no-uid,pdf,data/content/nasjonalbiblioteket-svar-horing-prop-78-2022-grunnrenteskatt-laks-manual-20260209222706-4c59c2e3-738-20260209222802380-0_0000195_sha256_a8bbcec19c9433b84dbd26976d928a27a6eb1f0abbc74286a5d9d3b786af6334.pdf,,5354,735
ukjent_ukjent-avsender_no-uid_af06a8c8a6.txt,høringer/ukjent_ukjent-avsender_no-uid_af06a8c8a6.txt,ukjent,Ukjent avsender,no-uid,pdf,data/content/nasjonalbiblioteket-svar-horing-nou-2019-18-skattlegging-av-havbruk-manual-20260209102305-d5e71684-918-20260209102359694-1_0000014_sha256_e974aeb36d2cf333af3fb25e9a35e9aa54043e9546f9d60822029ceed087046b.pdf,,12571,1872
ukjent_ukjent-avsender_no-uid_af4084ee4a.txt,høringer/ukjent_ukjent-avsender_no-uid_af4084ee4a.txt,ukjent,Ukjent avsender,no-uid,pdf,data/content/nasjonalbiblioteket-svar-horing-nou-2019-18-skattlegging-av-havbruk-manual-20260209102305-d5e71684-918-20260209102359694-1_0000002_sha256_a9edd03456a26711c5db26113b486c6fd85363883efede70ea4dbec3b613ed69.pdf,,11485,1720
ukjent_ukjent-avsender_no-uid_af86fcec98.txt,høringer/ukjent_ukjent-avsender_no-uid_af86fcec98.txt,ukjent,Ukjent avsender,no-uid,pdf,data/content/nasjonalbiblioteket-svar-horing-nou-2019-18-skattlegging-av-havbruk-manual-20260209102305-d5e71684-918-20260209102358003-0_0000038_sha256_bbee6dfd0287e3f6d2b682b753f82e614441c3839bd9f65e8f2c344f7f418e6c.pdf,,9715,1436
ukjent_ukjent-avsender_no-uid_afe26fecc9.txt,høringer/ukjent_ukjent-avsender_no-uid_afe26fecc9.txt,ukjent,Ukjent avsender,no-uid,pdf,data/content/nasjonalbiblioteket-svar-horing-prop-78-2022-grunnrenteskatt-laks-manual-20260209222706-4c59c2e3-738-20260209222802945-1_0000007_sha256_05ab3905eeda2e28b2abbd50b5c3a3c84f08649c720fabb8536b84b89806ccc4.pdf,,13797,1908
ukjent_ukjent-avsender_no-uid_aff0824f1a.txt,høringer/ukjent_ukjent-avsender_no-uid_aff0824f1a.txt,ukjent,Ukjent avsender,no-uid,pdf,data/content/nasjonalbiblioteket-svar-horing-prop-78-2022-grunnrenteskatt-laks-manual-20260209222706-4c59c2e3-738-20260209222802380-0_0000126_sha256_c85ad8e9531016b4126ad10a1404add537b50e4f78e4214649c3b70a8048344e.pdf,,51612,7827
ukjent_ukjent-avsender_no-uid_b089623349.txt,høringer/ukjent_ukjent-avsender_no-uid_b089623349.txt,ukjent,Ukjent avsender,no-uid,pdf,data/content/nasjonalbiblioteket-svar-horing-prop-78-2022-grunnrenteskatt-laks-manual-20260209222706-4c59c2e3-738-20260209222802380-0_0000103_sha256_1ec8dd78ca9db3f3a6afa311f42ed5145443d24c2ecb5ddf2688c105e6a95462.pdf,,9973,1538
ukjent_ukjent-avsender_no-uid_b12334b4bc.txt,høringer/ukjent_ukjent-avsender_no-uid_b12334b4bc.txt,ukjent,Ukjent avsender,no-uid,pdf,data/content/nasjonalbiblioteket-svar-horing-prop-78-2022-grunnrenteskatt-laks-manual-20260209222706-4c59c2e3-738-20260209222802945-1_0000090_sha256_ee542dbecb712440979edf997512bd6963568618781b680cc3b3b656b6856b7f.pdf,,45789,6278
ukjent_ukjent-avsender_no-uid_b2a96aae4f.txt,høringer/ukjent_ukjent-avsender_no-uid_b2a96aae4f.txt,ukjent,Ukjent avsender,no-uid,pdf,data/content/nasjonalbiblioteket-svar-horing-nou-2019-18-skattlegging-av-havbruk-manual-20260209102305-d5e71684-918-20260209102359694-1_0000059_sha256_f590087ec399a6366a7f358a3b83affd2d082a85e518332634c8adb28ae8f692.pdf,,11318,1692
ukjent_ukjent-avsender_no-uid_b4807c8eb9.txt,høringer/ukjent_ukjent-avsender_no-uid_b4807c8eb9.txt,ukjent,Ukjent avsender,no-uid,pdf,data/content/nasjonalbiblioteket-svar-horing-prop-78-2022-grunnrenteskatt-laks-manual-20260209222706-4c59c2e3-738-20260209222802945-1_0000131_sha256_a0bb63bc6ae5073effe72b289ed2e9d2c60f4007d696e22205f2d889f164bbd4.pdf,,5974,953
ukjent_ukjent-avsender_no-uid_b5e6ea0e6d.txt,høringer/ukjent_ukjent-avsender_no-uid_b5e6ea0e6d.txt,ukjent,Ukjent avsender,no-uid,pdf,data/content/nasjonalbiblioteket-svar-horing-prop-78-2022-grunnrenteskatt-laks-manual-20260209222706-4c59c2e3-738-20260209222802945-1_0000031_sha256_69bd6fd10c47a94b0ec35a53185e09c79f85d306a5229d1b8e8d633d484331a4.pdf,,3795,590
ukjent_ukjent-avsender_no-uid_b73242fbbe.txt,høringer/ukjent_ukjent-avsender_no-uid_b73242fbbe.txt,ukjent,Ukjent avsender,no-uid,pdf,data/content/nasjonalbiblioteket-svar-horing-prop-78-2022-grunnrenteskatt-laks-manual-20260209222706-4c59c2e3-738-20260209222802945-1_0000022_sha256_a05676a9079e76d4a7466234469ba871fc93572fa19e0062afe4c97941b0a540.pdf,,23364,3278
ukjent_ukjent-avsender_no-uid_b79c3d9d3d.txt,høringer/ukjent_ukjent-avsender_no-uid_b79c3d9d3d.txt,ukjent,Ukjent avsender,no-uid,pdf,data/content/nasjonalbiblioteket-svar-horing-prop-78-2022-grunnrenteskatt-laks-manual-20260209222706-4c59c2e3-738-20260209222802945-1_0000065_sha256_c851bc7cf7323e223c9cd96a570fb3f52c59fb36a2695bc8a29cfae7d7c55f09.pdf,,15097,2184
ukjent_ukjent-avsender_no-uid_b7f4d7aa3c.txt,høringer/ukjent_ukjent-avsender_no-uid_b7f4d7aa3c.txt,ukjent,Ukjent avsender,no-uid,pdf,data/content/nasjonalbiblioteket-svar-horing-prop-78-2022-grunnrenteskatt-laks-manual-20260209222706-4c59c2e3-738-20260209222802945-1_0000002_sha256_5ce49191498b8cd594706f905f3b1f0239594cf83a2b73d93027e58ef4a039b2.pdf,,14906,2160
ukjent_ukjent-avsender_no-uid_b80455d429.txt,høringer/ukjent_ukjent-avsender_no-uid_b80455d429.txt,ukjent,Ukjent avsender,no-uid,pdf,data/content/nasjonalbiblioteket-svar-horing-prop-78-2022-grunnrenteskatt-laks-manual-20260209222706-4c59c2e3-738-20260209222802945-1_0000023_sha256_bb68e6765daea04590a1e5933f0077c24ada7fb1d9fe322be670083a8d226c61.pdf,,29644,4349
ukjent_ukjent-avsender_no-uid_b823669ce7.txt,høringer/ukjent_ukjent-avsender_no-uid_b823669ce7.txt,ukjent,Ukjent avsender,no-uid,pdf,data/content/nasjonalbiblioteket-svar-horing-nou-2019-18-skattlegging-av-havbruk-manual-20260209102305-d5e71684-918-20260209102358003-0_0000055_sha256_343f80055a52354a6c8c6a0f914a9a785c3acb9c15c1a9ca78afd89b7d3029eb.pdf,,17402,2420
ukjent_ukjent-avsender_no-uid_b9a93eda9e.txt,høringer/ukjent_ukjent-avsender_no-uid_b9a93eda9e.txt,ukjent,Ukjent avsender,no-uid,pdf,data/content/nasjonalbiblioteket-svar-horing-prop-78-2022-grunnrenteskatt-laks-manual-20260209222706-4c59c2e3-738-20260209222802945-1_0000123_sha256_3992b3ecc7781d48556f0942bb719516e1a3b856914dc3fd998291407d0983bb.pdf,,102892,15210
ukjent_ukjent-avsender_no-uid_bae754b228.txt,høringer/ukjent_ukjent-avsender_no-uid_bae754b228.txt,ukjent,Ukjent avsender,no-uid,pdf,data/content/nasjonalbiblioteket-svar-horing-nou-2019-18-skattlegging-av-havbruk-manual-20260209102305-d5e71684-918-20260209102359694-1_0000008_sha256_32d92fb2dd1740fb508170c20cb92796ce61bcfc8ad78f3caad8ed57d8f19356.pdf,,8843,1320
ukjent_ukjent-avsender_no-uid_bb10a1d8a4.txt,høringer/ukjent_ukjent-avsender_no-uid_bb10a1d8a4.txt,ukjent,Ukjent avsender,no-uid,pdf,data/content/nasjonalbiblioteket-svar-horing-nou-2019-18-skattlegging-av-havbruk-manual-20260209102305-d5e71684-918-20260209102359694-1_0000028_sha256_ff99a67fbbfa4c5edb845668603e296cb419f6c4c1713b49bf8a332345a8ffe8.pdf,,8130,1260
ukjent_ukjent-avsender_no-uid_bbd7fbd5be.txt,høringer/ukjent_ukjent-avsender_no-uid_bbd7fbd5be.txt,ukjent,Ukjent avsender,no-uid,pdf,data/content/nasjonalbiblioteket-svar-horing-prop-78-2022-grunnrenteskatt-laks-manual-20260209222706-4c59c2e3-738-20260209222802945-1_0000092_sha256_c70b05dd2578164db3d672fa469bbeedd48906de38e4b760f45fbe3fbe1c1322.pdf,,165779,23711
ukjent_ukjent-avsender_no-uid_bc2c0aea3e.txt,høringer/ukjent_ukjent-avsender_no-uid_bc2c0aea3e.txt,ukjent,Ukjent avsender,no-uid,pdf,data/content/nasjonalbiblioteket-svar-horing-prop-78-2022-grunnrenteskatt-laks-manual-20260209222706-4c59c2e3-738-20260209222802380-0_0000030_sha256_a0bf3c53f87f723b134eb326606fcd8fd347464d926718641b556e9c8c07fdb8.pdf,,1658,250
ukjent_ukjent-avsender_no-uid_beb36a3b89.txt,høringer/ukjent_ukjent-avsender_no-uid_beb36a3b89.txt,ukjent,Ukjent avsender,no-uid,pdf,data/content/nasjonalbiblioteket-svar-horing-prop-78-2022-grunnrenteskatt-laks-manual-20260209222706-4c59c2e3-738-20260209222802945-1_0000171_sha256_8f76efa3a02943979884918111465dafce2fae5af33f6dddeaf29882aa42b8ce.pdf,,11554,1725
ukjent_ukjent-avsender_no-uid_bfdeb46263.txt,høringer/ukjent_ukjent-avsender_no-uid_bfdeb46263.txt,ukjent,Ukjent avsender,no-uid,pdf,data/content/nasjonalbiblioteket-svar-horing-prop-78-2022-grunnrenteskatt-laks-manual-20260209222706-4c59c2e3-738-20260209222802380-0_0000098_sha256_6c7de8cb4c718e71324f156738489d95b8da83c9f6dd05df2b2c58992bffcc7c.pdf,,10803,1619
ukjent_ukjent-avsender_no-uid_c28ce8f84d.txt,høringer/ukjent_ukjent-avsender_no-uid_c28ce8f84d.txt,ukjent,Ukjent avsender,no-uid,pdf,data/content/nasjonalbiblioteket-svar-horing-nou-2019-18-skattlegging-av-havbruk-manual-20260209102305-d5e71684-918-20260209102358003-0_0000018_sha256_e5318b2abe2a53f650df9a1a9132c4d59bdd0d4aaa2f9f0cba5473927e079492.pdf,,21853,3096
ukjent_ukjent-avsender_no-uid_c35ead051b.txt,høringer/ukjent_ukjent-avsender_no-uid_c35ead051b.txt,ukjent,Ukjent avsender,no-uid,pdf,data/content/nasjonalbiblioteket-svar-horing-prop-78-2022-grunnrenteskatt-laks-manual-20260209222706-4c59c2e3-738-20260209222802945-1_0000082_sha256_c58b5c4913c62cd002c7eadc9dd90f8c0e564ebc22fdb688ad297b80992aa42f.pdf,,3679,531
ukjent_ukjent-avsender_no-uid_c37f9fb241.txt,høringer/ukjent_ukjent-avsender_no-uid_c37f9fb241.txt,ukjent,Ukjent avsender,no-uid,pdf,data/content/nasjonalbiblioteket-svar-horing-prop-78-2022-grunnrenteskatt-laks-manual-20260209222706-4c59c2e3-738-20260209222802945-1_0000138_sha256_784663bdd1a8df97fa5658554ab3366f8414b6989200e8e4415480943409b2a0.pdf,,18364,2824
ukjent_ukjent-avsender_no-uid_c3e933ed59.txt,høringer/ukjent_ukjent-avsender_no-uid_c3e933ed59.txt,ukjent,Ukjent avsender,no-uid,pdf,data/content/nasjonalbiblioteket-svar-horing-prop-78-2022-grunnrenteskatt-laks-manual-20260209222706-4c59c2e3-738-20260209222802945-1_0000087_sha256_f3f146957531ccf03360736076f62c4b8bf78372e6927480bf3281ee4acecbca.pdf,,31179,4500
ukjent_ukjent-avsender_no-uid_c4757335c2.txt,høringer/ukjent_ukjent-avsender_no-uid_c4757335c2.txt,ukjent,Ukjent avsender,no-uid,pdf,data/content/nasjonalbiblioteket-svar-horing-prop-78-2022-grunnrenteskatt-laks-manual-20260209222706-4c59c2e3-738-20260209222802945-1_0000060_sha256_cde07159f65b92c3be10a6747b7d6389c3b614f013323f4f5864f7cbf9cea69e.pdf,,15896,2404
ukjent_ukjent-avsender_no-uid_c4f42b542c.txt,høringer/ukjent_ukjent-avsender_no-uid_c4f42b542c.txt,ukjent,Ukjent avsender,no-uid,pdf,data/content/nasjonalbiblioteket-svar-horing-prop-78-2022-grunnrenteskatt-laks-manual-20260209222706-4c59c2e3-738-20260209222802945-1_0000108_sha256_8623d8ed696f178a2d4ae32f10d560bade221b1e7c3ab5b1831938eeb6ea6308.pdf,,22896,3447
ukjent_ukjent-avsender_no-uid_c5a03e9c6c.txt,høringer/ukjent_ukjent-avsender_no-uid_c5a03e9c6c.txt,ukjent,Ukjent avsender,no-uid,pdf,data/content/nasjonalbiblioteket-svar-horing-prop-78-2022-grunnrenteskatt-laks-manual-20260209222706-4c59c2e3-738-20260209222802380-0_0000099_sha256_1a2b22f78b7fe3a2b316e9ca0a2741fa8a47c2cdbb58d8c15e571b946b3d7bea.pdf,,26498,3866
ukjent_ukjent-avsender_no-uid_c5baf2c7ea.txt,høringer/ukjent_ukjent-avsender_no-uid_c5baf2c7ea.txt,ukjent,Ukjent avsender,no-uid,pdf,data/content/nasjonalbiblioteket-svar-horing-prop-78-2022-grunnrenteskatt-laks-manual-20260209222706-4c59c2e3-738-20260209222802945-1_0000129_sha256_718ef5e77a17688bcfc589907508e2d0edb8cd4a693a485150af764a8f6934a6.pdf,,3322,574
ukjent_ukjent-avsender_no-uid_c6b3510774.txt,høringer/ukjent_ukjent-avsender_no-uid_c6b3510774.txt,ukjent,Ukjent avsender,no-uid,pdf,data/content/nasjonalbiblioteket-svar-horing-nou-2019-18-skattlegging-av-havbruk-manual-20260209102305-d5e71684-918-20260209102359694-1_0000023_sha256_6a53947e9f767500f55f38736c7f3509556afee6424387b044a3606f0005c5a1.pdf,,3136,471
ukjent_ukjent-avsender_no-uid_c6e6647ab4.txt,høringer/ukjent_ukjent-avsender_no-uid_c6e6647ab4.txt,ukjent,Ukjent avsender,no-uid,pdf,data/content/nasjonalbiblioteket-svar-horing-nou-2019-18-skattlegging-av-havbruk-manual-20260209102305-d5e71684-918-20260209102358003-0_0000009_sha256_33ec92ea28cce9221f9a2beb45c404cd6ee341e224828874b95add9579ac83e5.pdf,,10668,1597
ukjent_ukjent-avsender_no-uid_c8d047cc2d.txt,høringer/ukjent_ukjent-avsender_no-uid_c8d047cc2d.txt,ukjent,Ukjent avsender,no-uid,pdf,data/content/nasjonalbiblioteket-svar-horing-prop-78-2022-grunnrenteskatt-laks-manual-20260209222706-4c59c2e3-738-20260209222802380-0_0000200_sha256_7757d0887f3f50058d34f5ba9b604bec4b134ebb24d0ae7773187182fb1f064f.pdf,,54282,8049
ukjent_ukjent-avsender_no-uid_c96af7ef52.txt,høringer/ukjent_ukjent-avsender_no-uid_c96af7ef52.txt,ukjent,Ukjent avsender,no-uid,pdf,data/content/nasjonalbiblioteket-svar-horing-prop-78-2022-grunnrenteskatt-laks-manual-20260209222706-4c59c2e3-738-20260209222802945-1_0000132_sha256_ad9757db64c7bbb0d1187e04508b56c5633a1a6e52ee910fb25c380284b6e8a0.pdf,,2856,428
ukjent_ukjent-avsender_no-uid_c9b6f1688c.txt,høringer/ukjent_ukjent-avsender_no-uid_c9b6f1688c.txt,ukjent,Ukjent avsender,no-uid,pdf,data/content/nasjonalbiblioteket-svar-horing-prop-78-2022-grunnrenteskatt-laks-manual-20260209222706-4c59c2e3-738-20260209222802380-0_0000026_sha256_38304f706bb29509799782bfd75f38ce33a6afa714ee2fa4495c5002cfe594c1.pdf,,32461,4638
ukjent_ukjent-avsender_no-uid_cce14bf21f.txt,høringer/ukjent_ukjent-avsender_no-uid_cce14bf21f.txt,ukjent,Ukjent avsender,no-uid,pdf,data/content/nasjonalbiblioteket-svar-horing-prop-78-2022-grunnrenteskatt-laks-manual-20260209222706-4c59c2e3-738-20260209222802380-0_0000052_sha256_7dcc07861fb7a8cdf481ae6dd87f760c13474bbefeecc2c85ff85dac2382cae6.pdf,,21829,3112
ukjent_ukjent-avsender_no-uid_cef5a00fce.txt,høringer/ukjent_ukjent-avsender_no-uid_cef5a00fce.txt,ukjent,Ukjent avsender,no-uid,pdf,data/content/nasjonalbiblioteket-svar-horing-prop-78-2022-grunnrenteskatt-laks-manual-20260209222706-4c59c2e3-738-20260209222802945-1_0000081_sha256_92f1eb101d7b5ab784375f50d8a3f039491709f2d896fbcf7f8233ec9e713e94.pdf,,7720,1273
ukjent_ukjent-avsender_no-uid_d085cdab51.txt,høringer/ukjent_ukjent-avsender_no-uid_d085cdab51.txt,ukjent,Ukjent avsender,no-uid,pdf,data/content/nasjonalbiblioteket-svar-horing-prop-78-2022-grunnrenteskatt-laks-manual-20260209222706-4c59c2e3-738-20260209222802380-0_0000096_sha256_1cb7f3c0b6c9bbc1cef3223fc4db1e8ca88b5b6e95459d67763a15192716e1ed.pdf,,20250,3089
ukjent_ukjent-avsender_no-uid_d2994f8d04.txt,høringer/ukjent_ukjent-avsender_no-uid_d2994f8d04.txt,ukjent,Ukjent avsender,no-uid,pdf,data/content/nasjonalbiblioteket-svar-horing-prop-78-2022-grunnrenteskatt-laks-manual-20260209222706-4c59c2e3-738-20260209222802945-1_0000122_sha256_3feff9e98973e383649cbafa168e2b5a7d127b66c129f6784cd59ddaba5455d9.pdf,,1322,204
ukjent_ukjent-avsender_no-uid_d410d1556e.txt,høringer/ukjent_ukjent-avsender_no-uid_d410d1556e.txt,ukjent,Ukjent avsender,no-uid,pdf,data/content/nasjonalbiblioteket-svar-horing-prop-78-2022-grunnrenteskatt-laks-manual-20260209222706-4c59c2e3-738-20260209222802380-0_0000131_sha256_d9273208ce4b39db95a020891af76d8a7474f8af92d9c4c7092321cd7bcb57ad.pdf,,15587,2252
ukjent_ukjent-avsender_no-uid_d4dd1e646e.txt,høringer/ukjent_ukjent-avsender_no-uid_d4dd1e646e.txt,ukjent,Ukjent avsender,no-uid,pdf,data/content/nasjonalbiblioteket-svar-horing-prop-78-2022-grunnrenteskatt-laks-manual-20260209222706-4c59c2e3-738-20260209222802945-1_0000130_sha256_314dd234648c967b20c2896635c4e24f7394a865f782df100239f2213a52f796.pdf,,20777,3189
ukjent_ukjent-avsender_no-uid_d572cd82ab.txt,høringer/ukjent_ukjent-avsender_no-uid_d572cd82ab.txt,ukjent,Ukjent avsender,no-uid,pdf,data/content/nasjonalbiblioteket-svar-horing-nou-2019-18-skattlegging-av-havbruk-manual-20260209102305-d5e71684-918-20260209102358003-0_0000046_sha256_ee54bfecdcf4bf78cc9b106b98c049d8b32f6010bfcad1467a8684733628d756.pdf,,16623,2482
ukjent_ukjent-avsender_no-uid_d72a5642b7.txt,høringer/ukjent_ukjent-avsender_no-uid_d72a5642b7.txt,ukjent,Ukjent avsender,no-uid,pdf,data/content/nasjonalbiblioteket-svar-horing-prop-78-2022-grunnrenteskatt-laks-manual-20260209222706-4c59c2e3-738-20260209222802380-0_0000106_sha256_b03fad62442b334ba87ea3b38daad8fa04fe391340d59cc91b97d598b6e13d0c.pdf,,72058,13453
ukjent_ukjent-avsender_no-uid_d803a8e868.txt,høringer/ukjent_ukjent-avsender_no-uid_d803a8e868.txt,ukjent,Ukjent avsender,no-uid,pdf,data/content/nasjonalbiblioteket-svar-horing-prop-78-2022-grunnrenteskatt-laks-manual-20260209222706-4c59c2e3-738-20260209222802945-1_0000029_sha256_9e9f96ccb4a491fbf2c020b67e25736b8548e0d102acf34d6b996b501a480d5b.pdf,,2400,372
ukjent_ukjent-avsender_no-uid_d84024a802.txt,høringer/ukjent_ukjent-avsender_no-uid_d84024a802.txt,ukjent,Ukjent avsender,no-uid,pdf,data/content/nasjonalbiblioteket-svar-horing-prop-78-2022-grunnrenteskatt-laks-manual-20260209222706-4c59c2e3-738-20260209222802380-0_0000183_sha256_b7e0ec9469eb747e69a4a1b1129bda0b210c79fc5a09599c046af0c694f3af16.pdf,,36389,5110
ukjent_ukjent-avsender_no-uid_d87256aab9.txt,høringer/ukjent_ukjent-avsender_no-uid_d87256aab9.txt,ukjent,Ukjent avsender,no-uid,pdf,data/content/nasjonalbiblioteket-svar-horing-prop-78-2022-grunnrenteskatt-laks-manual-20260209222706-4c59c2e3-738-20260209222802945-1_0000051_sha256_1adce9420ffa06712abf9d797407d62ccd1341e7f5bf0930b7a34037f120d53c.pdf,,4595,674
ukjent_ukjent-avsender_no-uid_d949e2067b.txt,høringer/ukjent_ukjent-avsender_no-uid_d949e2067b.txt,ukjent,Ukjent avsender,no-uid,pdf,data/content/nasjonalbiblioteket-svar-horing-nou-2019-18-skattlegging-av-havbruk-manual-20260209102305-d5e71684-918-20260209102358003-0_0000072_sha256_5960053d21af7c49958b47adbe6b4b0a81913f8aa88efd2af8a683b0db083b93.pdf,,2067,292
ukjent_ukjent-avsender_no-uid_d9d8943410.txt,høringer/ukjent_ukjent-avsender_no-uid_d9d8943410.txt,ukjent,Ukjent avsender,no-uid,pdf,data/content/nasjonalbiblioteket-svar-horing-prop-78-2022-grunnrenteskatt-laks-manual-20260209222706-4c59c2e3-738-20260209222802380-0_0000119_sha256_8aa5fb0f46c8db998e947d71ee916c28bc4a1bb879aad2e0fea5c18f6cdf8c24.pdf,,4174,594
ukjent_ukjent-avsender_no-uid_d9ddd244e3.txt,høringer/ukjent_ukjent-avsender_no-uid_d9ddd244e3.txt,ukjent,Ukjent avsender,no-uid,pdf,data/content/nasjonalbiblioteket-svar-horing-nou-2019-18-skattlegging-av-havbruk-manual-20260209102305-d5e71684-918-20260209102358003-0_0000005_sha256_d6809471b5176a508bca173c9120a13c9c50c549b7c8527cc046a98a173b26fc.pdf,,5405,776
ukjent_ukjent-avsender_no-uid_dc1e05d7f0.txt,høringer/ukjent_ukjent-avsender_no-uid_dc1e05d7f0.txt,ukjent,Ukjent avsender,no-uid,pdf,data/content/nasjonalbiblioteket-svar-horing-nou-2019-18-skattlegging-av-havbruk-manual-20260209102305-d5e71684-918-20260209102358003-0_0000020_sha256_010d495507c0a5a0d8860aa5c6f9216b689bd2807d04e457e4cc0c724a5ca785.pdf,,3754,536
ukjent_ukjent-avsender_no-uid_dd91b04436.txt,høringer/ukjent_ukjent-avsender_no-uid_dd91b04436.txt,ukjent,Ukjent avsender,no-uid,pdf,data/content/nasjonalbiblioteket-svar-horing-prop-78-2022-grunnrenteskatt-laks-manual-20260209222706-4c59c2e3-738-20260209222802945-1_0000133_sha256_988c8b282ebabd2c80221a49749dc0c544fbf6c5a89b5293748efe88330b824c.pdf,,4867,754
ukjent_ukjent-avsender_no-uid_e0918b9bfd.txt,høringer/ukjent_ukjent-avsender_no-uid_e0918b9bfd.txt,ukjent,Ukjent avsender,no-uid,pdf,data/content/nasjonalbiblioteket-svar-horing-prop-78-2022-grunnrenteskatt-laks-manual-20260209222706-4c59c2e3-738-20260209222802380-0_0000120_sha256_1785709b3b57bfba20cda5dc21188b24ce007cfb7f6ddf480eb37e61da04d2ee.pdf,,71507,10731
ukjent_ukjent-avsender_no-uid_e130a6065b.txt,høringer/ukjent_ukjent-avsender_no-uid_e130a6065b.txt,ukjent,Ukjent avsender,no-uid,pdf,data/content/nasjonalbiblioteket-svar-horing-prop-78-2022-grunnrenteskatt-laks-manual-20260209222706-4c59c2e3-738-20260209222802380-0_0000081_sha256_1b8e07bdd28cf6b34b82f7bc50c6a417b4ce659738a9ccb2be1fe729d284f50e.pdf,,13741,2136
ukjent_ukjent-avsender_no-uid_e223f734b0.txt,høringer/ukjent_ukjent-avsender_no-uid_e223f734b0.txt,ukjent,Ukjent avsender,no-uid,pdf,data/content/nasjonalbiblioteket-svar-horing-prop-78-2022-grunnrenteskatt-laks-manual-20260209222706-4c59c2e3-738-20260209222802380-0_0000189_sha256_85c1268a230545fca1b9ca4b2c42435ae27163de099ccce6bf9c5eec666de3b8.pdf,,82111,12259
ukjent_ukjent-avsender_no-uid_e37cdb52f5.txt,høringer/ukjent_ukjent-avsender_no-uid_e37cdb52f5.txt,ukjent,Ukjent avsender,no-uid,pdf,data/content/nasjonalbiblioteket-svar-horing-nou-2019-18-skattlegging-av-havbruk-manual-20260209102305-d5e71684-918-20260209102358003-0_0000010_sha256_c20fd4365e127748f0e88c91df9a0618fd38ff77387e87e50681caa0fd1e9185.pdf,,2608,371
ukjent_ukjent-avsender_no-uid_e44577ed11.txt,høringer/ukjent_ukjent-avsender_no-uid_e44577ed11.txt,ukjent,Ukjent avsender,no-uid,pdf,data/content/nasjonalbiblioteket-svar-horing-prop-78-2022-grunnrenteskatt-laks-manual-20260209222706-4c59c2e3-738-20260209222802945-1_0000194_sha256_e728f0f0ca4231bdba59b8c1a4281b3527dab1e111e322142d5fdf12fa6a1f3a.pdf,,45096,6561
ukjent_ukjent-avsender_no-uid_e5a12f703a.txt,høringer/ukjent_ukjent-avsender_no-uid_e5a12f703a.txt,ukjent,Ukjent avsender,no-uid,pdf,data/content/nasjonalbiblioteket-svar-horing-nou-2019-18-skattlegging-av-havbruk-manual-20260209102305-d5e71684-918-20260209102358003-0_0000058_sha256_f5e702043a89be0a03850cffe4380772e0e34523c249af183d4f390eb39c41a8.pdf,,6328,920
ukjent_ukjent-avsender_no-uid_e6b66b47ce.txt,høringer/ukjent_ukjent-avsender_no-uid_e6b66b47ce.txt,ukjent,Ukjent avsender,no-uid,pdf,data/content/nasjonalbiblioteket-svar-horing-prop-78-2022-grunnrenteskatt-laks-manual-20260209222706-4c59c2e3-738-20260209222802945-1_0000179_sha256_3e31ee6f27b0b4515d3d2a80da9ce9af221b7d66759301f08928f85adee6d264.pdf,,3539,516
ukjent_ukjent-avsender_no-uid_e840f06419.txt,høringer/ukjent_ukjent-avsender_no-uid_e840f06419.txt,ukjent,Ukjent avsender,no-uid,pdf,data/content/nasjonalbiblioteket-svar-horing-nou-2019-18-skattlegging-av-havbruk-manual-20260209102305-d5e71684-918-20260209102358003-0_0000032_sha256_67fdd8a361b4d275fbae6d6d6ab2852e81fd6e98d1f26d8cbffad48ea5ddca4c.pdf,,11485,1720
ukjent_ukjent-avsender_no-uid_e969987dd2.txt,høringer/ukjent_ukjent-avsender_no-uid_e969987dd2.txt,ukjent,Ukjent avsender,no-uid,pdf,data/content/nasjonalbiblioteket-svar-horing-nou-2019-18-skattlegging-av-havbruk-manual-20260209102305-d5e71684-918-20260209102358003-0_0000014_sha256_3b0e46591ad0c85a6162754b7c5513ab669e7894b35713e3eba6055496d7b7fa.pdf,,8504,1297
ukjent_ukjent-avsender_no-uid_e9c3c8a828.txt,høringer/ukjent_ukjent-avsender_no-uid_e9c3c8a828.txt,ukjent,Ukjent avsender,no-uid,pdf,data/content/nasjonalbiblioteket-svar-horing-nou-2019-18-skattlegging-av-havbruk-manual-20260209102305-d5e71684-918-20260209102359694-1_0000043_sha256_d74459d2b7b666de1a15de144c6996c1ade4189fdd7c05d4431b5176fa923d01.pdf,,795,117
ukjent_ukjent-avsender_no-uid_ecbbd54441.txt,høringer/ukjent_ukjent-avsender_no-uid_ecbbd54441.txt,ukjent,Ukjent avsender,no-uid,pdf,data/content/nasjonalbiblioteket-svar-horing-prop-78-2022-grunnrenteskatt-laks-manual-20260209222706-4c59c2e3-738-20260209222802945-1_0000091_sha256_7d71f87a19566dd23a27049f52c6c11fe293897cf04d943e097e33d785e32f2e.pdf,,30371,4717
ukjent_ukjent-avsender_no-uid_ecc2bab59d.txt,høringer/ukjent_ukjent-avsender_no-uid_ecc2bab59d.txt,ukjent,Ukjent avsender,no-uid,pdf,data/content/nasjonalbiblioteket-svar-horing-prop-78-2022-grunnrenteskatt-laks-manual-20260209222706-4c59c2e3-738-20260209222802380-0_0000042_sha256_1e827c0c496cc76a2d3811ba9e7eea14d5ee18dd40795739db75277b558e112e.pdf,,27689,3926
ukjent_ukjent-avsender_no-uid_ecd1d9ac24.txt,høringer/ukjent_ukjent-avsender_no-uid_ecd1d9ac24.txt,ukjent,Ukjent avsender,no-uid,pdf,data/content/nasjonalbiblioteket-svar-horing-prop-78-2022-grunnrenteskatt-laks-manual-20260209222706-4c59c2e3-738-20260209222802380-0_0000084_sha256_af7acc35fa87942ab6f3f50fba53e21e486c07870b7c5ef0a426ad166cba2c3f.pdf,,24376,3581
ukjent_ukjent-avsender_no-uid_ed5992ab65.txt,høringer/ukjent_ukjent-avsender_no-uid_ed5992ab65.txt,ukjent,Ukjent avsender,no-uid,pdf,data/content/nasjonalbiblioteket-svar-horing-prop-78-2022-grunnrenteskatt-laks-manual-20260209222706-4c59c2e3-738-20260209222802380-0_0000170_sha256_461932c14ea5f765c3bccd3404887dbe2a90fb8bc3b9f4b905203a8b88421fdb.pdf,,33689,5108
ukjent_ukjent-avsender_no-uid_f091de94a1.txt,høringer/ukjent_ukjent-avsender_no-uid_f091de94a1.txt,ukjent,Ukjent avsender,no-uid,pdf,data/content/nasjonalbiblioteket-svar-horing-prop-78-2022-grunnrenteskatt-laks-manual-20260209222706-4c59c2e3-738-20260209222802380-0_0000188_sha256_3e573b011659138d8ea510d21500f847b062df48d3f5026c7970803227428f8f.pdf,,12283,1765
ukjent_ukjent-avsender_no-uid_f2077ccb7b.txt,høringer/ukjent_ukjent-avsender_no-uid_f2077ccb7b.txt,ukjent,Ukjent avsender,no-uid,pdf,data/content/nasjonalbiblioteket-svar-horing-prop-78-2022-grunnrenteskatt-laks-manual-20260209222706-4c59c2e3-738-20260209222802380-0_0000095_sha256_a1aec696f48579aa6f691aa5da7f720208d9538f18b87aa7594b0b96408ac063.pdf,,125115,18156
ukjent_ukjent-avsender_no-uid_f4529352b0.txt,høringer/ukjent_ukjent-avsender_no-uid_f4529352b0.txt,ukjent,Ukjent avsender,no-uid,pdf,data/content/nasjonalbiblioteket-svar-horing-prop-78-2022-grunnrenteskatt-laks-manual-20260209222706-4c59c2e3-738-20260209222802945-1_0000059_sha256_df95775f28cd3f2bd10e5127ec1d20e2dc40240b00b89423283b9f2ed076698a.pdf,,11467,1674
ukjent_ukjent-avsender_no-uid_f471b3de41.txt,høringer/ukjent_ukjent-avsender_no-uid_f471b3de41.txt,ukjent,Ukjent avsender,no-uid,pdf,data/content/nasjonalbiblioteket-svar-horing-prop-78-2022-grunnrenteskatt-laks-manual-20260209222706-4c59c2e3-738-20260209222802380-0_0000205_sha256_7e71b8b3a073684bf0b39633241b5bcf4fd5090874f363b75ab29fb6359046de.pdf,,3825,550
ukjent_ukjent-avsender_no-uid_f569a4925d.txt,høringer/ukjent_ukjent-avsender_no-uid_f569a4925d.txt,ukjent,Ukjent avsender,no-uid,pdf,data/content/nasjonalbiblioteket-svar-horing-prop-78-2022-grunnrenteskatt-laks-manual-20260209222706-4c59c2e3-738-20260209222802380-0_0000048_sha256_507e76a519e5ae1df069d856da6a69a848826957b479f0bc14792f449c6eda8e.pdf,,3357,547
ukjent_ukjent-avsender_no-uid_f580c06429.txt,høringer/ukjent_ukjent-avsender_no-uid_f580c06429.txt,ukjent,Ukjent avsender,no-uid,pdf,data/content/nasjonalbiblioteket-svar-horing-prop-78-2022-grunnrenteskatt-laks-manual-20260209222706-4c59c2e3-738-20260209222802945-1_0000210_sha256_f8eb4adff44db235ce1f0e9dd24bccaff6717f55aa8fc51bb8f5d507e24c5240.pdf,,9183,1344
ukjent_ukjent-avsender_no-uid_f68b91de59.txt,høringer/ukjent_ukjent-avsender_no-uid_f68b91de59.txt,ukjent,Ukjent avsender,no-uid,pdf,data/content/nasjonalbiblioteket-svar-horing-prop-78-2022-grunnrenteskatt-laks-manual-20260209222706-4c59c2e3-738-20260209222802945-1_0000109_sha256_90a680391a6c653885e4923ec99912e338683cddd3fd7938ef80e618905a0325.pdf,,5792,853
ukjent_ukjent-avsender_no-uid_f84f09ca96.txt,høringer/ukjent_ukjent-avsender_no-uid_f84f09ca96.txt,ukjent,Ukjent avsender,no-uid,pdf,data/content/nasjonalbiblioteket-svar-horing-prop-78-2022-grunnrenteskatt-laks-manual-20260209222706-4c59c2e3-738-20260209222802945-1_0000181_sha256_1cb61a74324b5a48a5dab826e26607d33a9cf617e787aeba27a154f5cd805489.pdf,,5732,840
ukjent_ukjent-avsender_no-uid_fa1567685a.txt,høringer/ukjent_ukjent-avsender_no-uid_fa1567685a.txt,ukjent,Ukjent avsender,no-uid,pdf,data/content/nasjonalbiblioteket-svar-horing-nou-2019-18-skattlegging-av-havbruk-manual-20260209102305-d5e71684-918-20260209102358003-0_0000040_sha256_886a731353ae4656af25474a63796e57815cd62c3ec045d19bd3da697d1f00ae.pdf,,3906,571
ukjent_ukjent-avsender_no-uid_fae87d022d.txt,høringer/ukjent_ukjent-avsender_no-uid_fae87d022d.txt,ukjent,Ukjent avsender,no-uid,pdf,data/content/nasjonalbiblioteket-svar-horing-prop-78-2022-grunnrenteskatt-laks-manual-20260209222706-4c59c2e3-738-20260209222802945-1_0000115_sha256_bd56a871e978897d8e714e408cda9f978fefff09ed7887bc01e0e0087e2f7433.pdf,,3595,524
ukjent_ukjent-avsender_no-uid_fbfdcf557f.txt,høringer/ukjent_ukjent-avsender_no-uid_fbfdcf557f.txt,ukjent,Ukjent avsender,no-uid,pdf,data/content/nasjonalbiblioteket-svar-horing-prop-78-2022-grunnrenteskatt-laks-manual-20260209222706-4c59c2e3-738-20260209222802945-1_0000054_sha256_3b7ac5fca56d764039608e4cc2eabb7667aa254075fbad442aa3408cc908b007.pdf,,4119,605
ukjent_ukjent-avsender_no-uid_fca4ec6437.txt,høringer/ukjent_ukjent-avsender_no-uid_fca4ec6437.txt,ukjent,Ukjent avsender,no-uid,pdf,data/content/nasjonalbiblioteket-svar-horing-prop-78-2022-grunnrenteskatt-laks-manual-20260209222706-4c59c2e3-738-20260209222802945-1_0000188_sha256_6bd9f4412690e5bd876ca2ac012080128612396b113c22278ab9a6f1c41b9cb0.pdf,,7916,1177
ukjent_ukjent-avsender_no-uid_fd6abd4ba2.txt,høringer/ukjent_ukjent-avsender_no-uid_fd6abd4ba2.txt,ukjent,Ukjent avsender,no-uid,pdf,data/content/nasjonalbiblioteket-svar-horing-prop-78-2022-grunnrenteskatt-laks-manual-20260209222706-4c59c2e3-738-20260209222802380-0_0000112_sha256_787377e32c4e41e562b4403e33971047c161dc909698be001bd1299e5ca012b6.pdf,,2339,362
ukjent_ukjent-avsender_no-uid_ff2d05c2ed.txt,høringer/ukjent_ukjent-avsender_no-uid_ff2d05c2ed.txt,ukjent,Ukjent avsender,no-uid,pdf,data/content/nasjonalbiblioteket-svar-horing-prop-78-2022-grunnrenteskatt-laks-manual-20260209222706-4c59c2e3-738-20260209222802380-0_0000121_sha256_0387b48fc0543298ed23de2680d1b2289b691677fc197709d18a6ef76650556f.pdf,,8139,1188
